ID,clone,size,pop,ad,afr,ro
2,1,Large,AST,87,13,236
3,1,Large,AST,99,13,200
5,1,Large,AST,102,11,250
6,1,Large,AST,72,12,215
7,1,Large,AST,69,13,131
8,1,Large,AST,71,13,168
10,1,Large,AST,66,11,206
11,1,Large,AST,103,11,342
12,1,Large,AST,80,11,158
13,1,Large,AST,91,11,272
14,1,Large,AST,34,11,103
15,1,Large,AST,35,12,123
16,1,Large,AST,92,12,296
17,1,Large,AST,90,12,287
18,1,Large,AST,76,12,267
19,1,Large,AST,77,13,226
20,1,Large,AST,75,13,187
21,1,Large,AST,82,12,277
23,1,Large,AST,44,12,87
24,1,Large,AST,27,11,28
25,1,Large,AST,86,12,211
26,2,Large,AST,100,11,288
28,2,Large,AST,77,13,211
29,2,Large,AST,71,12,219
30,2,Large,AST,69,12,249
31,2,Large,AST,111,13,248
32,2,Large,AST,91,11,273
33,2,Large,AST,65,13,226
35,2,Large,AST,71,11,229
36,2,Large,AST,65,12,171
37,2,Large,AST,104,13,258
38,2,Large,AST,81,11,242
39,2,Large,AST,93,13,215
40,2,Large,AST,83,13,251
41,2,Large,AST,90,11,240
42,2,Large,AST,103,13,229
44,2,Large,AST,88,13,284
45,2,Large,AST,86,13,286
46,2,Large,AST,78,12,232
47,2,Large,AST,74,13,256
48,2,Large,AST,80,12,283
49,2,Large,AST,60,11,216
52,3,Large,AST,108,13,278
53,3,Large,AST,63,12,162
55,3,Large,AST,34,13,101
56,3,Large,AST,47,13,127
57,3,Large,AST,52,13,145
59,3,Large,AST,103,13,269
60,3,Large,AST,92,12,238
61,3,Large,AST,88,13,299
62,3,Large,AST,81,12,264
63,3,Large,AST,90,11,234
64,3,Large,AST,79,13,244
66,3,Large,AST,71,13,229
67,3,Large,AST,100,11,268
68,3,Large,AST,90,11,261
70,3,Large,AST,72,13,181
71,3,Large,AST,104,13,224
72,3,Large,AST,77,12,273
74,3,Large,AST,66,11,168
75,3,Large,AST,40,11,135
76,4,Large,AST,30,12,60
79,4,Large,AST,103,12,263
80,4,Large,AST,99,12,211
81,4,Large,AST,100,12,267
82,4,Large,AST,53,12,131
83,4,Large,AST,34,13,66
84,4,Large,AST,81,13,239
85,4,Large,AST,90,11,278
86,4,Large,AST,93,11,186
87,4,Large,AST,72,13,223
88,4,Large,AST,20,11,8
89,4,Large,AST,74,12,220
90,4,Large,AST,78,13,250
91,4,Large,AST,70,12,178
93,4,Large,AST,62,12,185
94,4,Large,AST,58,12,240
95,4,Large,AST,106,11,257
96,4,Large,AST,77,13,227
97,4,Large,AST,17,13,8
98,4,Large,AST,89,11,274
99,4,Large,AST,76,11,207
101,5,Large,AST,62,14,81
105,5,Large,AST,61,11,98
106,5,Large,AST,37,12,51
107,5,Large,AST,31,15,38
108,5,Large,AST,22,15,30
111,5,Large,AST,27,15,32
113,5,Large,AST,30,14,31
115,5,Large,AST,28,14,56
116,5,Large,AST,50,13,79
117,5,Large,AST,49,11,92
118,5,Large,AST,54,14,76
120,5,Large,AST,33,12,35
121,5,Large,AST,43,13,54
122,5,Large,AST,51,14,85
123,5,Large,AST,30,13,62
125,5,Large,AST,73,14,96
126,6,Large,AST,66,13,76
127,6,Large,AST,20,11,11
128,6,Large,AST,46,13,74
131,6,Large,AST,27,13,40
132,6,Large,AST,36,11,61
134,6,Large,AST,32,13,49
135,6,Large,AST,44,14,76
136,6,Large,AST,40,11,40
137,6,Large,AST,28,12,53
138,6,Large,AST,33,13,55
139,6,Large,AST,37,15,63
140,6,Large,AST,41,13,68
141,6,Large,AST,59,14,101
144,6,Large,AST,48,14,51
145,6,Large,AST,27,14,23
146,6,Large,AST,21,11,9
147,6,Large,AST,17,12,11
148,6,Large,AST,36,15,61
149,6,Large,AST,43,11,69
152,7,Large,AST,18,12,7
153,7,Large,AST,33,13,53
154,7,Large,AST,36,13,64
155,7,Large,AST,49,11,83
156,7,Large,AST,51,11,87
157,7,Large,AST,22,15,16
158,7,Large,AST,30,12,33
159,7,Large,AST,36,14,37
160,7,Large,AST,48,11,65
161,7,Large,AST,40,13,56
162,7,Large,AST,41,12,56
163,7,Large,AST,43,14,77
164,7,Large,AST,57,13,85
167,7,Large,AST,55,13,81
168,7,Large,AST,20,11,19
169,7,Large,AST,49,12,40
170,7,Large,AST,48,14,84
172,7,Large,AST,38,14,39
173,7,Large,AST,50,11,80
174,7,Large,AST,47,11,76
175,7,Large,AST,24,14,27
176,8,Large,AST,27,13,32
177,8,Large,AST,27,15,27
178,8,Large,AST,45,14,57
180,8,Large,AST,61,11,94
181,8,Large,AST,50,11,70
183,8,Large,AST,47,14,54
184,8,Large,AST,48,13,68
185,8,Large,AST,41,11,57
186,8,Large,AST,49,13,74
187,8,Large,AST,52,15,86
188,8,Large,AST,49,14,46
189,8,Large,AST,62,12,97
191,8,Large,AST,71,14,98
192,8,Large,AST,70,11,97
193,8,Large,AST,62,11,94
194,8,Large,AST,59,12,74
195,8,Large,AST,31,11,56
197,8,Large,AST,18,13,19
199,8,Large,AST,42,13,92
200,8,Large,AST,56,14,104
201,9,Large,AST,75,12,163
202,9,Large,AST,83,11,215
203,9,Large,AST,71,12,158
204,9,Large,AST,90,11,174
206,9,Large,AST,18,13,16
207,9,Large,AST,89,11,122
208,9,Large,AST,60,13,147
209,9,Large,AST,26,12,40
210,9,Large,AST,30,13,52
211,9,Large,AST,67,12,166
212,9,Large,AST,75,11,199
213,9,Large,AST,48,12,137
214,9,Large,AST,71,13,139
215,9,Large,AST,35,11,67
216,9,Large,AST,63,11,149
218,9,Large,AST,93,12,199
219,9,Large,AST,63,12,111
220,9,Large,AST,37,13,38
222,9,Large,AST,82,12,171
223,9,Large,AST,66,13,146
224,9,Large,AST,60,12,101
225,9,Large,AST,102,13,208
226,10,Large,AST,67,11,122
227,10,Large,AST,99,12,223
228,10,Large,AST,66,13,176
229,10,Large,AST,50,13,130
230,10,Large,AST,74,11,150
231,10,Large,AST,93,13,221
232,10,Large,AST,48,11,123
233,10,Large,AST,76,13,152
236,10,Large,AST,45,11,85
237,10,Large,AST,100,13,213
238,10,Large,AST,60,13,80
239,10,Large,AST,76,12,130
240,10,Large,AST,82,11,152
242,10,Large,AST,72,12,147
243,10,Large,AST,70,13,184
244,10,Large,AST,82,13,170
245,10,Large,AST,49,11,138
247,10,Large,AST,68,12,106
248,10,Large,AST,94,13,215
249,10,Large,AST,78,13,193
250,10,Large,AST,20,12,17
251,11,Large,AST,84,13,206
252,11,Large,AST,82,12,156
253,11,Large,AST,60,11,116
254,11,Large,AST,63,13,92
256,11,Large,AST,99,11,188
257,11,Large,AST,37,11,44
259,11,Large,AST,60,12,154
260,11,Large,AST,70,11,194
261,11,Large,AST,40,11,102
262,11,Large,AST,47,11,107
263,11,Large,AST,88,13,195
264,11,Large,AST,80,12,164
265,11,Large,AST,90,11,175
266,11,Large,AST,74,12,158
267,11,Large,AST,72,11,165
268,11,Large,AST,66,12,173
271,11,Large,AST,93,13,216
272,11,Large,AST,77,13,206
273,11,Large,AST,31,13,48
275,11,Large,AST,100,12,206
276,12,Large,AST,42,13,111
277,12,Large,AST,58,13,121
280,12,Large,AST,28,13,40
281,12,Large,AST,82,11,190
282,12,Large,AST,79,11,156
283,12,Large,AST,69,11,121
285,12,Large,AST,81,12,117
286,12,Large,AST,44,12,113
287,12,Large,AST,36,12,67
288,12,Large,AST,100,13,223
289,12,Large,AST,18,11,16
290,12,Large,AST,31,12,52
291,12,Large,AST,81,11,173
293,12,Large,AST,78,12,174
294,12,Large,AST,91,12,219
295,12,Large,AST,77,13,141
297,12,Large,AST,90,11,210
298,12,Large,AST,32,11,54
299,12,Large,AST,68,13,152
300,12,Large,AST,45,11,85
301,13,Large,WTE,80,13,245
302,13,Large,WTE,85,13,217
303,13,Large,WTE,50,13,150
305,13,Large,WTE,21,11,28
306,13,Large,WTE,92,11,188
307,13,Large,WTE,39,13,103
308,13,Large,WTE,92,13,180
309,13,Large,WTE,99,13,239
310,13,Large,WTE,36,11,89
311,13,Large,WTE,95,11,286
312,13,Large,WTE,18,12,24
314,13,Large,WTE,22,13,52
315,13,Large,WTE,106,12,191
316,13,Large,WTE,32,11,51
317,13,Large,WTE,82,13,228
318,13,Large,WTE,80,13,181
319,13,Large,WTE,92,13,271
320,13,Large,WTE,34,12,72
321,13,Large,WTE,105,11,237
322,13,Large,WTE,73,11,196
323,13,Large,WTE,59,12,167
324,13,Large,WTE,86,12,241
326,14,Large,WTE,87,12,179
327,14,Large,WTE,78,13,167
328,14,Large,WTE,30,11,45
329,14,Large,WTE,91,12,228
330,14,Large,WTE,52,13,150
331,14,Large,WTE,18,13,15
332,14,Large,WTE,95,11,222
333,14,Large,WTE,101,12,284
335,14,Large,WTE,54,13,151
336,14,Large,WTE,71,11,144
337,14,Large,WTE,92,11,212
338,14,Large,WTE,25,13,33
339,14,Large,WTE,72,12,251
340,14,Large,WTE,92,13,248
341,14,Large,WTE,72,11,133
343,14,Large,WTE,92,11,239
344,14,Large,WTE,75,12,220
345,14,Large,WTE,82,12,261
346,14,Large,WTE,40,11,112
347,14,Large,WTE,83,12,202
348,14,Large,WTE,100,12,255
349,14,Large,WTE,57,12,166
350,14,Large,WTE,28,12,64
351,15,Large,WTE,101,11,201
353,15,Large,WTE,99,13,253
354,15,Large,WTE,34,12,73
355,15,Large,WTE,41,11,114
356,15,Large,WTE,45,11,116
357,15,Large,WTE,91,11,204
358,15,Large,WTE,42,11,106
359,15,Large,WTE,47,11,137
360,15,Large,WTE,94,12,238
361,15,Large,WTE,99,12,253
362,15,Large,WTE,29,12,73
363,15,Large,WTE,99,12,279
364,15,Large,WTE,80,13,240
365,15,Large,WTE,22,11,42
366,15,Large,WTE,78,13,198
367,15,Large,WTE,72,11,234
368,15,Large,WTE,104,12,239
369,15,Large,WTE,18,13,15
370,15,Large,WTE,81,13,205
371,15,Large,WTE,75,11,238
372,15,Large,WTE,62,13,162
373,15,Large,WTE,59,11,173
375,15,Large,WTE,88,13,248
376,16,Large,WTE,62,13,144
377,16,Large,WTE,75,11,275
378,16,Large,WTE,88,12,211
379,16,Large,WTE,97,11,222
380,16,Large,WTE,46,13,128
381,16,Large,WTE,90,13,212
382,16,Large,WTE,102,12,231
383,16,Large,WTE,84,11,272
385,16,Large,WTE,98,11,243
386,16,Large,WTE,69,11,209
387,16,Large,WTE,88,13,214
388,16,Large,WTE,27,13,39
390,16,Large,WTE,70,13,174
391,16,Large,WTE,31,11,52
392,16,Large,WTE,99,12,260
393,16,Large,WTE,40,12,109
395,16,Large,WTE,92,13,252
396,16,Large,WTE,94,11,227
397,16,Large,WTE,97,11,261
398,16,Large,WTE,81,11,208
399,16,Large,WTE,66,12,222
400,16,Large,WTE,26,13,34
401,17,Large,WTE,20,12,15
402,17,Large,WTE,40,11,59
404,17,Large,WTE,41,12,64
405,17,Large,WTE,33,11,43
406,17,Large,WTE,24,13,33
409,17,Large,WTE,52,11,97
410,17,Large,WTE,22,13,21
411,17,Large,WTE,32,15,56
413,17,Large,WTE,59,12,110
414,17,Large,WTE,26,11,38
415,17,Large,WTE,62,14,100
416,17,Large,WTE,69,14,135
417,17,Large,WTE,16,12,6
418,17,Large,WTE,20,11,14
419,17,Large,WTE,36,15,51
420,17,Large,WTE,18,15,20
421,17,Large,WTE,77,13,114
422,17,Large,WTE,61,15,107
423,17,Large,WTE,62,11,98
424,17,Large,WTE,65,14,78
425,17,Large,WTE,39,15,62
426,18,Large,WTE,22,15,28
427,18,Large,WTE,25,13,30
428,18,Large,WTE,18,13,17
429,18,Large,WTE,34,11,50
430,18,Large,WTE,37,14,65
431,18,Large,WTE,16,14,7
432,18,Large,WTE,36,11,69
434,18,Large,WTE,46,14,83
435,18,Large,WTE,46,13,92
437,18,Large,WTE,37,12,84
438,18,Large,WTE,30,14,70
440,18,Large,WTE,42,11,45
441,18,Large,WTE,28,14,46
443,18,Large,WTE,54,13,104
445,18,Large,WTE,50,12,56
446,18,Large,WTE,69,12,137
447,18,Large,WTE,61,14,116
448,18,Large,WTE,37,12,64
449,18,Large,WTE,45,11,86
450,18,Large,WTE,25,11,34
451,19,Large,WTE,30,12,60
453,19,Large,WTE,38,13,71
454,19,Large,WTE,26,11,49
455,19,Large,WTE,48,12,78
456,19,Large,WTE,27,15,35
458,19,Large,WTE,60,15,105
460,19,Large,WTE,61,13,92
461,19,Large,WTE,22,14,18
462,19,Large,WTE,32,14,44
464,19,Large,WTE,68,13,136
465,19,Large,WTE,44,14,48
467,19,Large,WTE,65,13,113
468,19,Large,WTE,47,14,67
469,19,Large,WTE,28,14,16
470,19,Large,WTE,20,15,14
471,19,Large,WTE,56,14,92
472,19,Large,WTE,25,12,41
473,19,Large,WTE,55,14,103
474,19,Large,WTE,61,15,104
475,19,Large,WTE,41,14,39
476,20,Large,WTE,36,14,71
477,20,Large,WTE,50,11,67
478,20,Large,WTE,35,13,55
480,20,Large,WTE,52,11,102
481,20,Large,WTE,25,15,41
483,20,Large,WTE,61,14,111
485,20,Large,WTE,30,15,54
486,20,Large,WTE,22,12,10
487,20,Large,WTE,48,14,97
488,20,Large,WTE,17,14,4
489,20,Large,WTE,54,12,124
490,20,Large,WTE,55,12,73
492,20,Large,WTE,32,14,55
493,20,Large,WTE,61,12,100
494,20,Large,WTE,49,11,73
495,20,Large,WTE,42,15,51
496,20,Large,WTE,20,11,6
497,20,Large,WTE,45,14,89
498,20,Large,WTE,44,13,101
499,20,Large,WTE,41,15,80
500,20,Large,WTE,37,15,39
501,21,Large,WTE,55,11,155
502,21,Large,WTE,82,13,182
503,21,Large,WTE,24,11,34
504,21,Large,WTE,99,13,243
506,21,Large,WTE,82,11,137
507,21,Large,WTE,36,12,84
509,21,Large,WTE,79,11,197
510,21,Large,WTE,104,12,262
511,21,Large,WTE,47,11,88
512,21,Large,WTE,101,11,213
514,21,Large,WTE,80,11,148
515,21,Large,WTE,72,11,199
516,21,Large,WTE,93,12,137
518,21,Large,WTE,100,13,201
519,21,Large,WTE,33,13,68
520,21,Large,WTE,58,11,184
521,21,Large,WTE,27,13,37
522,21,Large,WTE,93,12,177
523,21,Large,WTE,91,12,150
524,21,Large,WTE,81,11,179
525,21,Large,WTE,88,12,197
526,22,Large,WTE,62,12,129
527,22,Large,WTE,89,12,210
528,22,Large,WTE,28,13,49
529,22,Large,WTE,90,13,178
530,22,Large,WTE,30,12,52
531,22,Large,WTE,79,12,203
533,22,Large,WTE,84,13,156
534,22,Large,WTE,51,11,144
535,22,Large,WTE,94,12,170
537,22,Large,WTE,108,13,187
538,22,Large,WTE,27,11,14
539,22,Large,WTE,112,12,167
540,22,Large,WTE,58,13,107
542,22,Large,WTE,100,13,183
543,22,Large,WTE,67,13,201
544,22,Large,WTE,92,12,192
545,22,Large,WTE,22,12,13
546,22,Large,WTE,99,12,206
547,22,Large,WTE,81,13,156
548,22,Large,WTE,99,12,203
549,22,Large,WTE,85,12,181
550,22,Large,WTE,55,12,126
551,23,Large,WTE,36,13,55
552,23,Large,WTE,80,13,188
553,23,Large,WTE,38,12,81
554,23,Large,WTE,88,13,181
555,23,Large,WTE,61,12,120
556,23,Large,WTE,89,13,166
558,23,Large,WTE,99,11,177
559,23,Large,WTE,108,13,182
560,23,Large,WTE,58,13,111
561,23,Large,WTE,93,12,202
563,23,Large,WTE,94,11,173
565,23,Large,WTE,82,12,178
566,23,Large,WTE,30,11,35
567,23,Large,WTE,93,12,209
568,23,Large,WTE,17,11,5
569,23,Large,WTE,94,11,201
570,23,Large,WTE,91,12,193
571,23,Large,WTE,92,12,202
572,23,Large,WTE,71,12,183
573,23,Large,WTE,90,12,163
574,23,Large,WTE,103,11,153
575,23,Large,WTE,20,12,16
576,24,Large,WTE,55,11,107
577,24,Large,WTE,73,11,161
578,24,Large,WTE,39,12,96
579,24,Large,WTE,73,12,195
581,24,Large,WTE,80,13,202
582,24,Large,WTE,26,11,46
583,24,Large,WTE,100,11,196
584,24,Large,WTE,88,11,193
585,24,Large,WTE,61,13,110
586,24,Large,WTE,48,12,119
587,24,Large,WTE,98,12,218
589,24,Large,WTE,112,13,260
590,24,Large,WTE,99,13,200
591,24,Large,WTE,37,13,77
592,24,Large,WTE,101,11,177
593,24,Large,WTE,16,13,6
594,24,Large,WTE,93,13,163
595,24,Large,WTE,70,11,168
596,24,Large,WTE,30,11,44
597,24,Large,WTE,104,12,256
598,24,Large,WTE,91,13,198
599,24,Large,WTE,41,13,69
600,24,Large,WTE,72,11,155
601,25,Large,MOS,27,13,35
602,25,Large,MOS,56,12,142
604,25,Large,MOS,57,13,162
605,25,Large,MOS,18,11,8
606,25,Large,MOS,52,13,107
607,25,Large,MOS,48,12,116
609,25,Large,MOS,62,13,159
610,25,Large,MOS,51,12,129
613,25,Large,MOS,22,11,18
614,25,Large,MOS,36,12,62
616,25,Large,MOS,62,11,157
618,25,Large,MOS,30,11,56
620,25,Large,MOS,70,11,199
621,25,Large,MOS,58,13,163
622,25,Large,MOS,50,11,95
625,25,Large,MOS,55,11,141
626,26,Large,MOS,55,11,128
627,26,Large,MOS,49,12,120
628,26,Large,MOS,69,12,154
630,26,Large,MOS,20,11,12
633,26,Large,MOS,68,11,151
634,26,Large,MOS,55,13,93
635,26,Large,MOS,61,12,138
638,26,Large,MOS,58,12,113
639,26,Large,MOS,57,12,118
641,26,Large,MOS,52,11,112
643,26,Large,MOS,48,13,147
644,26,Large,MOS,37,11,83
645,26,Large,MOS,73,12,169
646,26,Large,MOS,25,12,51
647,26,Large,MOS,75,11,159
648,26,Large,MOS,77,11,129
650,26,Large,MOS,16,12,8
652,27,Large,MOS,21,11,9
653,27,Large,MOS,59,13,112
656,27,Large,MOS,67,11,139
657,27,Large,MOS,46,11,112
659,27,Large,MOS,66,12,133
660,27,Large,MOS,20,11,7
661,27,Large,MOS,69,13,140
663,27,Large,MOS,72,13,173
664,27,Large,MOS,65,13,134
667,27,Large,MOS,76,11,163
668,27,Large,MOS,26,12,41
669,27,Large,MOS,77,13,139
670,27,Large,MOS,80,12,200
673,27,Large,MOS,88,13,183
674,27,Large,MOS,16,11,8
675,27,Large,MOS,35,11,74
676,28,Large,MOS,57,13,88
677,28,Large,MOS,29,12,53
679,28,Large,MOS,40,12,70
680,28,Large,MOS,22,12,24
682,28,Large,MOS,75,12,185
684,28,Large,MOS,62,11,173
685,28,Large,MOS,41,11,59
686,28,Large,MOS,25,11,34
688,28,Large,MOS,62,13,115
689,28,Large,MOS,27,13,21
691,28,Large,MOS,30,12,39
692,28,Large,MOS,68,13,160
694,28,Large,MOS,65,13,189
695,28,Large,MOS,73,13,193
696,28,Large,MOS,33,11,72
697,28,Large,MOS,77,12,158
699,28,Large,MOS,62,11,107
700,28,Large,MOS,58,12,79
701,29,Large,MOS,22,11,18
702,29,Large,MOS,61,11,68
704,29,Large,MOS,21,12,21
705,29,Large,MOS,59,14,83
707,29,Large,MOS,25,12,25
708,29,Large,MOS,31,14,32
709,29,Large,MOS,58,15,91
710,29,Large,MOS,17,14,6
711,29,Large,MOS,37,14,47
713,29,Large,MOS,27,12,23
714,29,Large,MOS,20,12,7
715,29,Large,MOS,17,11,5
716,29,Large,MOS,65,12,98
717,29,Large,MOS,44,12,72
718,29,Large,MOS,55,12,88
720,29,Large,MOS,67,14,100
721,29,Large,MOS,24,15,12
722,29,Large,MOS,49,13,72
723,29,Large,MOS,40,11,43
724,29,Large,MOS,44,15,46
725,29,Large,MOS,38,12,41
726,30,Large,MOS,25,14,31
727,30,Large,MOS,44,12,62
729,30,Large,MOS,55,13,85
731,30,Large,MOS,47,13,61
732,30,Large,MOS,61,14,75
734,30,Large,MOS,36,11,44
735,30,Large,MOS,24,12,11
736,30,Large,MOS,36,13,50
737,30,Large,MOS,60,15,93
739,30,Large,MOS,47,15,60
740,30,Large,MOS,22,13,15
741,30,Large,MOS,19,11,22
742,30,Large,MOS,58,14,85
743,30,Large,MOS,17,13,8
744,30,Large,MOS,71,15,70
745,30,Large,MOS,56,12,85
746,30,Large,MOS,27,13,19
747,30,Large,MOS,56,14,93
748,30,Large,MOS,40,15,41
749,30,Large,MOS,51,12,70
750,30,Large,MOS,38,13,50
751,31,Large,MOS,38,15,66
752,31,Large,MOS,51,11,86
754,31,Large,MOS,40,12,57
755,31,Large,MOS,55,14,49
756,31,Large,MOS,25,15,36
757,31,Large,MOS,67,11,108
760,31,Large,MOS,62,11,86
761,31,Large,MOS,37,15,41
762,31,Large,MOS,66,11,87
764,31,Large,MOS,37,11,53
765,31,Large,MOS,25,12,29
766,31,Large,MOS,30,12,25
767,31,Large,MOS,44,11,56
768,31,Large,MOS,68,12,89
769,31,Large,MOS,17,11,4
770,31,Large,MOS,64,12,77
771,31,Large,MOS,50,12,57
772,31,Large,MOS,51,14,90
773,31,Large,MOS,47,14,57
774,31,Large,MOS,76,11,141
775,31,Large,MOS,20,15,10
776,32,Large,MOS,28,13,35
777,32,Large,MOS,18,13,3
779,32,Large,MOS,63,14,85
780,32,Large,MOS,17,15,12
781,32,Large,MOS,48,11,72
783,32,Large,MOS,52,13,89
785,32,Large,MOS,38,13,63
786,32,Large,MOS,48,12,57
787,32,Large,MOS,42,13,75
788,32,Large,MOS,53,13,85
790,32,Large,MOS,28,14,30
791,32,Large,MOS,70,11,77
793,32,Large,MOS,62,13,70
794,32,Large,MOS,52,15,98
796,32,Large,MOS,48,14,71
797,32,Large,MOS,32,15,66
799,32,Large,MOS,22,11,19
800,32,Large,MOS,73,12,104
801,33,Large,MOS,62,13,173
803,33,Large,MOS,99,13,250
804,33,Large,MOS,27,12,14
805,33,Large,MOS,16,11,7
806,33,Large,MOS,95,11,157
808,33,Large,MOS,48,12,75
809,33,Large,MOS,22,11,6
810,33,Large,MOS,68,11,133
811,33,Large,MOS,18,11,9
812,33,Large,MOS,89,11,241
813,33,Large,MOS,101,12,221
815,33,Large,MOS,84,11,218
816,33,Large,MOS,18,12,12
817,33,Large,MOS,108,13,210
818,33,Large,MOS,94,12,186
820,33,Large,MOS,92,11,187
821,33,Large,MOS,72,13,177
822,33,Large,MOS,20,12,10
823,33,Large,MOS,90,13,218
824,33,Large,MOS,86,13,230
825,33,Large,MOS,49,13,142
827,34,Large,MOS,26,13,31
828,34,Large,MOS,74,11,172
829,34,Large,MOS,58,13,156
831,34,Large,MOS,75,11,239
832,34,Large,MOS,88,11,209
833,34,Large,MOS,83,11,180
834,34,Large,MOS,93,11,226
836,34,Large,MOS,95,11,220
837,34,Large,MOS,91,13,187
838,34,Large,MOS,52,13,168
839,34,Large,MOS,48,12,144
840,34,Large,MOS,20,11,8
842,34,Large,MOS,90,12,153
843,34,Large,MOS,100,13,256
844,34,Large,MOS,104,11,219
846,34,Large,MOS,93,11,200
847,34,Large,MOS,19,11,16
848,34,Large,MOS,66,13,185
849,34,Large,MOS,56,12,104
850,34,Large,MOS,37,12,71
851,35,Large,MOS,72,11,168
852,35,Large,MOS,22,12,31
853,35,Large,MOS,82,13,138
854,35,Large,MOS,73,11,202
856,35,Large,MOS,88,13,205
857,35,Large,MOS,37,11,53
858,35,Large,MOS,92,11,223
859,35,Large,MOS,42,12,125
861,35,Large,MOS,77,11,190
862,35,Large,MOS,44,11,112
864,35,Large,MOS,68,12,192
865,35,Large,MOS,94,13,275
866,35,Large,MOS,46,12,127
867,35,Large,MOS,82,11,152
869,35,Large,MOS,105,13,214
870,35,Large,MOS,99,11,185
871,35,Large,MOS,19,12,8
872,35,Large,MOS,94,12,256
873,35,Large,MOS,27,11,41
874,35,Large,MOS,108,11,235
875,35,Large,MOS,55,12,141
876,36,Large,MOS,20,13,23
877,36,Large,MOS,95,13,231
878,36,Large,MOS,48,12,98
879,36,Large,MOS,17,13,6
880,36,Large,MOS,90,12,175
881,36,Large,MOS,100,13,213
882,36,Large,MOS,55,13,79
883,36,Large,MOS,72,13,179
885,36,Large,MOS,73,13,170
886,36,Large,MOS,104,13,225
887,36,Large,MOS,83,12,157
889,36,Large,MOS,53,12,171
891,36,Large,MOS,82,11,183
892,36,Large,MOS,85,12,227
893,36,Large,MOS,99,12,226
895,36,Large,MOS,87,11,171
896,36,Large,MOS,93,13,204
897,36,Large,MOS,100,11,253
898,36,Large,MOS,34,13,68
899,36,Large,MOS,85,12,162
900,36,Large,MOS,73,13,185
901,37,Large,ISM,27,12,27
902,37,Large,ISM,48,12,110
904,37,Large,ISM,44,11,81
906,37,Large,ISM,37,13,31
907,37,Large,ISM,17,12,9
908,37,Large,ISM,26,13,30
910,37,Large,ISM,43,13,58
911,37,Large,ISM,41,13,51
912,37,Large,ISM,22,12,23
913,37,Large,ISM,19,11,17
915,37,Large,ISM,40,12,75
916,37,Large,ISM,56,13,97
917,37,Large,ISM,39,13,65
919,37,Large,ISM,25,12,29
921,37,Large,ISM,30,11,46
922,37,Large,ISM,57,13,118
923,37,Large,ISM,51,12,152
924,37,Large,ISM,37,12,61
925,37,Large,ISM,61,11,128
926,38,Large,ISM,45,13,101
927,38,Large,ISM,32,13,29
928,38,Large,ISM,55,12,117
929,38,Large,ISM,31,13,59
930,38,Large,ISM,28,13,58
932,38,Large,ISM,68,11,166
935,38,Large,ISM,60,11,156
937,38,Large,ISM,55,13,54
939,38,Large,ISM,45,12,110
940,38,Large,ISM,31,13,31
941,38,Large,ISM,38,12,63
942,38,Large,ISM,32,11,61
943,38,Large,ISM,67,11,195
944,38,Large,ISM,26,12,34
945,38,Large,ISM,25,11,38
946,38,Large,ISM,16,12,9
947,38,Large,ISM,60,13,129
948,38,Large,ISM,20,11,15
949,38,Large,ISM,31,13,44
950,38,Large,ISM,45,13,119
952,39,Large,ISM,62,11,125
953,39,Large,ISM,56,11,123
954,39,Large,ISM,32,11,49
957,39,Large,ISM,16,12,6
958,39,Large,ISM,22,13,22
959,39,Large,ISM,52,13,110
960,39,Large,ISM,74,13,124
961,39,Large,ISM,20,12,22
962,39,Large,ISM,28,11,35
963,39,Large,ISM,60,13,123
965,39,Large,ISM,36,13,56
966,39,Large,ISM,38,11,61
967,39,Large,ISM,58,11,128
968,39,Large,ISM,31,13,42
970,39,Large,ISM,50,11,103
971,39,Large,ISM,65,13,141
972,39,Large,ISM,44,11,64
973,39,Large,ISM,48,13,124
974,39,Large,ISM,52,13,102
976,40,Large,ISM,44,11,77
977,40,Large,ISM,17,11,3
979,40,Large,ISM,54,11,114
981,40,Large,ISM,59,11,130
983,40,Large,ISM,41,12,88
985,40,Large,ISM,69,12,108
986,40,Large,ISM,66,12,133
989,40,Large,ISM,48,12,148
990,40,Large,ISM,48,13,75
991,40,Large,ISM,39,12,89
992,40,Large,ISM,52,11,81
993,40,Large,ISM,30,11,36
994,40,Large,ISM,49,12,82
995,40,Large,ISM,22,12,19
997,40,Large,ISM,50,12,145
998,40,Large,ISM,42,13,81
999,40,Large,ISM,32,13,69
1000,40,Large,ISM,16,13,8
1002,41,Large,ISM,21,13,18
1003,41,Large,ISM,40,15,42
1004,41,Large,ISM,63,14,67
1005,41,Large,ISM,50,11,51
1006,41,Large,ISM,38,14,54
1007,41,Large,ISM,43,13,48
1010,41,Large,ISM,60,13,71
1011,41,Large,ISM,45,14,66
1012,41,Large,ISM,71,13,79
1013,41,Large,ISM,17,13,3
1015,41,Large,ISM,34,13,27
1016,41,Large,ISM,22,14,18
1017,41,Large,ISM,31,12,43
1018,41,Large,ISM,56,12,79
1020,41,Large,ISM,56,11,88
1021,41,Large,ISM,43,14,50
1023,41,Large,ISM,28,12,29
1024,41,Large,ISM,37,15,36
1025,41,Large,ISM,45,14,43
1026,42,Large,ISM,65,13,85
1027,42,Large,ISM,28,15,25
1028,42,Large,ISM,20,11,15
1029,42,Large,ISM,37,12,42
1031,42,Large,ISM,32,15,25
1032,42,Large,ISM,69,11,68
1033,42,Large,ISM,66,13,65
1034,42,Large,ISM,48,12,45
1036,42,Large,ISM,21,15,13
1037,42,Large,ISM,53,11,61
1038,42,Large,ISM,40,13,45
1040,42,Large,ISM,30,12,22
1041,42,Large,ISM,38,12,36
1042,42,Large,ISM,20,11,8
1043,42,Large,ISM,17,12,7
1044,42,Large,ISM,38,11,38
1045,42,Large,ISM,71,12,82
1046,42,Large,ISM,21,12,20
1047,42,Large,ISM,27,13,30
1048,42,Large,ISM,47,12,65
1049,42,Large,ISM,33,11,33
1050,42,Large,ISM,60,11,72
1051,43,Large,ISM,27,14,30
1052,43,Large,ISM,47,12,60
1054,43,Large,ISM,21,15,23
1055,43,Large,ISM,43,11,44
1057,43,Large,ISM,28,11,16
1058,43,Large,ISM,32,11,34
1059,43,Large,ISM,21,14,25
1060,43,Large,ISM,64,11,70
1061,43,Large,ISM,24,15,23
1063,43,Large,ISM,30,15,36
1064,43,Large,ISM,37,12,45
1065,43,Large,ISM,22,14,24
1066,43,Large,ISM,60,14,66
1067,43,Large,ISM,61,13,82
1069,43,Large,ISM,50,13,45
1070,43,Large,ISM,34,13,47
1071,43,Large,ISM,36,12,58
1072,43,Large,ISM,27,12,24
1073,43,Large,ISM,18,14,11
1074,43,Large,ISM,27,13,24
1075,43,Large,ISM,45,13,43
1076,44,Large,ISM,20,12,11
1078,44,Large,ISM,39,15,56
1079,44,Large,ISM,68,13,79
1081,44,Large,ISM,44,13,31
1082,44,Large,ISM,51,11,54
1083,44,Large,ISM,16,14,6
1084,44,Large,ISM,41,14,30
1085,44,Large,ISM,32,12,33
1086,44,Large,ISM,46,11,51
1089,44,Large,ISM,47,12,49
1090,44,Large,ISM,70,14,70
1091,44,Large,ISM,48,13,63
1092,44,Large,ISM,66,11,68
1094,44,Large,ISM,61,15,67
1095,44,Large,ISM,45,13,47
1097,44,Large,ISM,61,11,66
1098,44,Large,ISM,27,13,11
1099,44,Large,ISM,20,13,13
1100,44,Large,ISM,51,15,55
1101,45,Large,ISM,59,12,87
1102,45,Large,ISM,65,11,110
1103,45,Large,ISM,28,12,47
1104,45,Large,ISM,60,11,98
1106,45,Large,ISM,67,11,102
1107,45,Large,ISM,25,11,33
1108,45,Large,ISM,20,11,7
1109,45,Large,ISM,61,12,148
1112,45,Large,ISM,53,11,118
1114,45,Large,ISM,54,13,111
1115,45,Large,ISM,54,13,80
1116,45,Large,ISM,23,11,9
1118,45,Large,ISM,58,13,75
1119,45,Large,ISM,37,11,72
1120,45,Large,ISM,30,11,33
1121,45,Large,ISM,78,13,153
1122,45,Large,ISM,31,11,41
1123,45,Large,ISM,55,13,150
1124,45,Large,ISM,54,11,105
1125,45,Large,ISM,22,11,9
1127,46,Large,ISM,46,11,109
1128,46,Large,ISM,27,13,26
1129,46,Large,ISM,49,11,89
1131,46,Large,ISM,51,11,94
1132,46,Large,ISM,66,12,139
1134,46,Large,ISM,30,12,33
1135,46,Large,ISM,41,13,86
1136,46,Large,ISM,52,13,90
1138,46,Large,ISM,59,11,127
1139,46,Large,ISM,22,12,23
1140,46,Large,ISM,60,11,117
1142,46,Large,ISM,76,11,162
1143,46,Large,ISM,30,13,34
1144,46,Large,ISM,50,11,99
1145,46,Large,ISM,78,12,126
1147,46,Large,ISM,24,11,28
1148,46,Large,ISM,68,11,109
1149,46,Large,ISM,71,13,151
1150,46,Large,ISM,49,11,101
1152,47,Large,ISM,41,11,64
1154,47,Large,ISM,18,13,14
1155,47,Large,ISM,46,11,68
1156,47,Large,ISM,33,13,36
1158,47,Large,ISM,39,11,54
1159,47,Large,ISM,50,11,139
1161,47,Large,ISM,27,12,44
1162,47,Large,ISM,54,12,104
1167,47,Large,ISM,59,11,115
1168,47,Large,ISM,60,13,157
1169,47,Large,ISM,23,12,10
1170,47,Large,ISM,72,11,95
1171,47,Large,ISM,81,13,173
1172,47,Large,ISM,77,13,127
1173,47,Large,ISM,20,11,15
1174,47,Large,ISM,65,11,132
1175,47,Large,ISM,35,12,47
1176,48,Large,ISM,27,11,12
1177,48,Large,ISM,54,13,137
1179,48,Large,ISM,27,11,24
1180,48,Large,ISM,40,11,55
1182,48,Large,ISM,54,13,102
1183,48,Large,ISM,73,11,149
1185,48,Large,ISM,30,12,33
1186,48,Large,ISM,66,11,94
1188,48,Large,ISM,64,12,115
1190,48,Large,ISM,63,11,117
1191,48,Large,ISM,31,13,33
1192,48,Large,ISM,60,11,108
1193,48,Large,ISM,66,12,157
1195,48,Large,ISM,58,12,108
1196,48,Large,ISM,17,13,6
1197,48,Large,ISM,57,12,74
1198,48,Large,ISM,52,13,68
1199,48,Large,ISM,36,12,47
1201,49,Small,KOR,40,11,92
1202,49,Small,KOR,27,12,34
1203,49,Small,KOR,40,12,57
1205,49,Small,KOR,61,11,92
1206,49,Small,KOR,27,13,31
1207,49,Small,KOR,41,12,80
1208,49,Small,KOR,18,11,20
1209,49,Small,KOR,71,13,109
1210,49,Small,KOR,34,12,67
1211,49,Small,KOR,39,11,41
1212,49,Small,KOR,60,12,97
1213,49,Small,KOR,51,11,95
1214,49,Small,KOR,21,11,37
1215,49,Small,KOR,55,12,96
1216,49,Small,KOR,39,13,72
1217,49,Small,KOR,35,13,76
1218,49,Small,KOR,58,11,86
1219,49,Small,KOR,50,11,76
1220,49,Small,KOR,19,12,6
1221,49,Small,KOR,48,13,87
1223,49,Small,KOR,22,13,22
1224,49,Small,KOR,47,11,95
1225,49,Small,KOR,30,11,39
1226,50,Small,KOR,40,13,54
1227,50,Small,KOR,38,12,73
1228,50,Small,KOR,37,11,76
1229,50,Small,KOR,52,11,74
1230,50,Small,KOR,50,13,56
1232,50,Small,KOR,58,12,92
1233,50,Small,KOR,64,13,128
1234,50,Small,KOR,60,11,109
1235,50,Small,KOR,28,11,52
1236,50,Small,KOR,79,11,93
1237,50,Small,KOR,41,11,104
1238,50,Small,KOR,72,12,121
1239,50,Small,KOR,76,11,123
1241,50,Small,KOR,77,13,111
1242,50,Small,KOR,68,13,92
1243,50,Small,KOR,62,12,94
1244,50,Small,KOR,36,12,47
1245,50,Small,KOR,81,12,107
1246,50,Small,KOR,70,11,78
1247,50,Small,KOR,72,11,89
1248,50,Small,KOR,42,11,60
1249,50,Small,KOR,47,13,83
1250,50,Small,KOR,33,13,58
1251,51,Small,KOR,50,12,69
1252,51,Small,KOR,47,12,84
1254,51,Small,KOR,55,12,95
1255,51,Small,KOR,60,13,103
1256,51,Small,KOR,30,11,48
1257,51,Small,KOR,22,13,20
1258,51,Small,KOR,61,13,83
1259,51,Small,KOR,67,13,99
1260,51,Small,KOR,69,13,127
1262,51,Small,KOR,73,12,113
1263,51,Small,KOR,77,12,101
1264,51,Small,KOR,30,13,63
1265,51,Small,KOR,70,11,111
1267,51,Small,KOR,76,11,107
1268,51,Small,KOR,75,12,87
1269,51,Small,KOR,56,13,95
1270,51,Small,KOR,51,12,94
1271,51,Small,KOR,32,13,70
1272,51,Small,KOR,48,12,96
1273,51,Small,KOR,45,11,69
1274,51,Small,KOR,44,13,94
1275,51,Small,KOR,26,12,20
1277,52,Small,KOR,34,12,65
1278,52,Small,KOR,38,12,83
1279,52,Small,KOR,40,12,60
1280,52,Small,KOR,27,12,42
1281,52,Small,KOR,55,13,69
1282,52,Small,KOR,26,13,36
1283,52,Small,KOR,38,11,69
1284,52,Small,KOR,60,11,97
1285,52,Small,KOR,66,13,94
1286,52,Small,KOR,75,13,124
1287,52,Small,KOR,19,12,16
1288,52,Small,KOR,80,11,102
1289,52,Small,KOR,60,12,84
1290,52,Small,KOR,76,11,91
1291,52,Small,KOR,22,13,30
1292,52,Small,KOR,41,12,73
1293,52,Small,KOR,77,13,92
1294,52,Small,KOR,70,12,102
1295,52,Small,KOR,71,13,99
1296,52,Small,KOR,58,11,79
1298,52,Small,KOR,48,12,80
1299,52,Small,KOR,44,11,65
1300,52,Small,KOR,31,11,65
1301,53,Small,KOR,27,12,44
1302,53,Small,KOR,30,12,18
1304,53,Small,KOR,33,13,44
1306,53,Small,KOR,66,12,146
1307,53,Small,KOR,65,12,113
1308,53,Small,KOR,37,12,79
1309,53,Small,KOR,40,14,60
1310,53,Small,KOR,41,15,76
1311,53,Small,KOR,22,12,23
1312,53,Small,KOR,23,12,18
1313,53,Small,KOR,40,15,77
1314,53,Small,KOR,44,15,52
1315,53,Small,KOR,49,11,92
1319,53,Small,KOR,55,14,134
1320,53,Small,KOR,52,12,90
1321,53,Small,KOR,32,11,52
1322,53,Small,KOR,61,11,71
1323,53,Small,KOR,50,12,91
1324,53,Small,KOR,37,14,61
1326,54,Small,KOR,26,14,25
1327,54,Small,KOR,66,11,73
1329,54,Small,KOR,64,12,91
1331,54,Small,KOR,62,13,98
1332,54,Small,KOR,60,11,117
1333,54,Small,KOR,56,13,99
1335,54,Small,KOR,33,11,65
1336,54,Small,KOR,44,15,81
1337,54,Small,KOR,20,15,17
1338,54,Small,KOR,32,15,34
1339,54,Small,KOR,58,14,98
1340,54,Small,KOR,44,15,75
1342,54,Small,KOR,65,14,65
1343,54,Small,KOR,37,11,35
1344,54,Small,KOR,17,13,10
1345,54,Small,KOR,55,14,103
1347,54,Small,KOR,34,12,60
1348,54,Small,KOR,22,13,33
1349,54,Small,KOR,45,11,55
1350,54,Small,KOR,36,13,68
1354,55,Small,KOR,37,12,59
1355,55,Small,KOR,44,13,63
1356,55,Small,KOR,21,13,28
1357,55,Small,KOR,18,11,6
1358,55,Small,KOR,48,12,66
1360,55,Small,KOR,44,13,71
1361,55,Small,KOR,27,13,33
1362,55,Small,KOR,37,12,53
1363,55,Small,KOR,61,11,84
1364,55,Small,KOR,59,12,106
1366,55,Small,KOR,44,12,69
1367,55,Small,KOR,40,13,56
1368,55,Small,KOR,52,11,91
1369,55,Small,KOR,50,11,122
1371,55,Small,KOR,22,12,19
1372,55,Small,KOR,60,11,109
1373,55,Small,KOR,55,12,84
1374,55,Small,KOR,57,11,99
1375,55,Small,KOR,40,12,69
1377,56,Small,KOR,29,11,39
1378,56,Small,KOR,49,13,69
1380,56,Small,KOR,48,13,74
1381,56,Small,KOR,30,13,38
1382,56,Small,KOR,44,11,72
1383,56,Small,KOR,31,12,37
1384,56,Small,KOR,50,12,104
1385,56,Small,KOR,28,12,43
1386,56,Small,KOR,40,13,60
1388,56,Small,KOR,55,13,69
1389,56,Small,KOR,41,15,77
1390,56,Small,KOR,22,14,27
1391,56,Small,KOR,52,12,91
1392,56,Small,KOR,68,11,79
1394,56,Small,KOR,61,13,80
1395,56,Small,KOR,30,11,22
1396,56,Small,KOR,65,12,106
1397,56,Small,KOR,62,14,87
1401,57,Small,KOR,20,11,9
1402,57,Small,KOR,37,11,76
1403,57,Small,KOR,88,13,145
1405,57,Small,KOR,70,11,184
1406,57,Small,KOR,58,12,169
1407,57,Small,KOR,25,13,16
1408,57,Small,KOR,76,11,221
1409,57,Small,KOR,99,11,223
1411,57,Small,KOR,104,12,259
1412,57,Small,KOR,109,13,217
1413,57,Small,KOR,38,11,114
1414,57,Small,KOR,53,11,136
1415,57,Small,KOR,62,13,145
1416,57,Small,KOR,89,11,229
1418,57,Small,KOR,84,13,187
1419,57,Small,KOR,100,11,233
1420,57,Small,KOR,104,13,192
1421,57,Small,KOR,20,11,8
1422,57,Small,KOR,91,12,209
1423,57,Small,KOR,92,11,212
1424,57,Small,KOR,35,12,63
1425,57,Small,KOR,17,12,6
1426,58,Small,KOR,40,12,96
1427,58,Small,KOR,80,13,222
1429,58,Small,KOR,103,11,254
1430,58,Small,KOR,69,12,180
1431,58,Small,KOR,33,11,37
1432,58,Small,KOR,112,12,254
1433,58,Small,KOR,52,12,77
1435,58,Small,KOR,111,13,180
1436,58,Small,KOR,71,12,189
1438,58,Small,KOR,93,12,190
1439,58,Small,KOR,66,12,156
1440,58,Small,KOR,27,11,32
1441,58,Small,KOR,101,11,253
1442,58,Small,KOR,51,12,161
1443,58,Small,KOR,28,11,72
1444,58,Small,KOR,73,12,213
1445,58,Small,KOR,107,11,195
1446,58,Small,KOR,50,11,84
1447,58,Small,KOR,71,12,168
1448,58,Small,KOR,89,13,244
1449,58,Small,KOR,65,13,164
1450,58,Small,KOR,45,11,114
1476,60,Small,KOR,55,12,107
1477,60,Small,KOR,69,11,160
1478,60,Small,KOR,62,12,128
1479,60,Small,KOR,91,11,216
1480,60,Small,KOR,88,11,224
1481,60,Small,KOR,92,13,234
1482,60,Small,KOR,90,13,199
1483,60,Small,KOR,83,12,209
1484,60,Small,KOR,92,13,166
1485,60,Small,KOR,70,12,229
1486,60,Small,KOR,82,11,220
1487,60,Small,KOR,93,11,178
1488,60,Small,KOR,77,12,155
1489,60,Small,KOR,99,12,207
1490,60,Small,KOR,101,11,183
1491,60,Small,KOR,94,12,263
1492,60,Small,KOR,112,11,210
1494,60,Small,KOR,50,11,131
1495,60,Small,KOR,100,12,201
1496,60,Small,KOR,45,12,120
1497,60,Small,KOR,40,13,115
1498,60,Small,KOR,28,12,51
1499,60,Small,KOR,39,11,99
1502,61,Small,KMG,40,12,54
1503,61,Small,KMG,43,13,46
1504,61,Small,KMG,21,11,22
1505,61,Small,KMG,59,11,91
1506,61,Small,KMG,54,13,51
1508,61,Small,KMG,56,13,56
1509,61,Small,KMG,44,13,62
1510,61,Small,KMG,28,13,30
1511,61,Small,KMG,40,13,38
1512,61,Small,KMG,52,11,57
1514,61,Small,KMG,54,11,69
1516,61,Small,KMG,50,13,62
1517,61,Small,KMG,51,11,58
1518,61,Small,KMG,20,11,9
1519,61,Small,KMG,55,13,59
1520,61,Small,KMG,48,14,56
1521,61,Small,KMG,58,11,78
1523,61,Small,KMG,69,13,70
1524,61,Small,KMG,42,14,66
1525,61,Small,KMG,33,12,50
1526,62,Small,KMG,22,13,11
1527,62,Small,KMG,44,14,63
1528,62,Small,KMG,30,12,27
1530,62,Small,KMG,61,14,55
1531,62,Small,KMG,57,13,77
1533,62,Small,KMG,26,14,29
1534,62,Small,KMG,41,14,38
1535,62,Small,KMG,56,12,58
1537,62,Small,KMG,66,14,76
1538,62,Small,KMG,38,13,54
1540,62,Small,KMG,70,12,77
1541,62,Small,KMG,24,11,23
1542,62,Small,KMG,70,13,79
1543,62,Small,KMG,55,14,62
1545,62,Small,KMG,54,14,71
1547,62,Small,KMG,48,14,78
1548,62,Small,KMG,64,12,54
1549,62,Small,KMG,31,14,30
1550,62,Small,KMG,28,14,41
1551,63,Small,KMG,27,11,22
1552,63,Small,KMG,47,11,80
1554,63,Small,KMG,33,11,40
1556,63,Small,KMG,60,12,74
1558,63,Small,KMG,30,12,33
1560,63,Small,KMG,53,11,74
1561,63,Small,KMG,54,11,64
1562,63,Small,KMG,30,14,17
1564,63,Small,KMG,51,13,79
1566,63,Small,KMG,48,12,60
1567,63,Small,KMG,30,11,36
1568,63,Small,KMG,28,13,23
1569,63,Small,KMG,43,12,44
1571,63,Small,KMG,70,11,88
1572,63,Small,KMG,44,13,67
1573,63,Small,KMG,77,13,76
1574,63,Small,KMG,42,13,62
1575,63,Small,KMG,21,13,12
1576,64,Small,KMG,31,14,40
1577,64,Small,KMG,20,13,12
1578,64,Small,KMG,30,14,28
1580,64,Small,KMG,55,13,85
1582,64,Small,KMG,61,11,95
1583,64,Small,KMG,26,13,28
1585,64,Small,KMG,66,14,73
1586,64,Small,KMG,78,12,74
1587,64,Small,KMG,77,14,102
1589,64,Small,KMG,71,13,63
1590,64,Small,KMG,22,12,20
1591,64,Small,KMG,70,12,67
1593,64,Small,KMG,73,11,57
1594,64,Small,KMG,50,14,48
1595,64,Small,KMG,34,13,48
1596,64,Small,KMG,51,13,72
1598,64,Small,KMG,43,13,36
1599,64,Small,KMG,48,14,56
1600,64,Small,KMG,23,11,19
1601,65,Small,KMG,22,12,8
1602,65,Small,KMG,58,12,64
1603,65,Small,KMG,30,13,39
1604,65,Small,KMG,30,13,37
1606,65,Small,KMG,55,13,60
1607,65,Small,KMG,56,13,35
1608,65,Small,KMG,33,14,37
1609,65,Small,KMG,31,14,26
1610,65,Small,KMG,28,13,39
1611,65,Small,KMG,17,12,10
1612,65,Small,KMG,47,12,50
1613,65,Small,KMG,47,13,37
1614,65,Small,KMG,68,11,63
1615,65,Small,KMG,26,12,19
1616,65,Small,KMG,33,11,46
1617,65,Small,KMG,48,12,62
1619,65,Small,KMG,32,14,42
1620,65,Small,KMG,49,12,51
1621,65,Small,KMG,50,14,54
1622,65,Small,KMG,27,13,17
1623,65,Small,KMG,45,14,56
1624,65,Small,KMG,58,14,78
1625,65,Small,KMG,34,12,45
1626,66,Small,KMG,58,11,49
1627,66,Small,KMG,20,13,7
1629,66,Small,KMG,32,11,25
1631,66,Small,KMG,67,11,89
1634,66,Small,KMG,44,14,62
1636,66,Small,KMG,35,14,32
1638,66,Small,KMG,47,11,36
1639,66,Small,KMG,44,11,70
1640,66,Small,KMG,21,12,12
1641,66,Small,KMG,38,12,36
1643,66,Small,KMG,44,11,52
1644,66,Small,KMG,48,14,38
1645,66,Small,KMG,50,11,72
1646,66,Small,KMG,35,12,42
1649,66,Small,KMG,30,13,34
1650,66,Small,KMG,59,11,66
1651,67,Small,KMG,47,14,53
1652,67,Small,KMG,38,13,41
1654,67,Small,KMG,55,12,75
1655,67,Small,KMG,20,13,13
1656,67,Small,KMG,60,11,79
1657,67,Small,KMG,33,12,46
1658,67,Small,KMG,16,11,6
1659,67,Small,KMG,36,14,44
1660,67,Small,KMG,33,11,31
1661,67,Small,KMG,37,13,30
1662,67,Small,KMG,33,12,31
1664,67,Small,KMG,48,12,31
1665,67,Small,KMG,51,12,51
1666,67,Small,KMG,44,11,51
1667,67,Small,KMG,59,11,49
1668,67,Small,KMG,60,14,78
1669,67,Small,KMG,22,13,24
1671,67,Small,KMG,43,14,54
1672,67,Small,KMG,28,13,30
1673,67,Small,KMG,38,14,38
1674,67,Small,KMG,22,13,19
1675,67,Small,KMG,45,11,46
1676,68,Small,KMG,22,11,13
1677,68,Small,KMG,45,12,31
1678,68,Small,KMG,38,14,40
1680,68,Small,KMG,47,13,56
1681,68,Small,KMG,62,14,67
1683,68,Small,KMG,66,12,74
1684,68,Small,KMG,60,12,94
1685,68,Small,KMG,31,14,38
1686,68,Small,KMG,57,12,92
1687,68,Small,KMG,26,12,19
1688,68,Small,KMG,62,13,74
1689,68,Small,KMG,56,13,61
1690,68,Small,KMG,32,14,23
1693,68,Small,KMG,67,12,58
1694,68,Small,KMG,55,14,55
1695,68,Small,KMG,60,13,67
1696,68,Small,KMG,29,12,18
1697,68,Small,KMG,33,14,47
1698,68,Small,KMG,48,11,64
1699,68,Small,KMG,44,11,60
1700,68,Small,KMG,37,12,42
1701,69,Small,KMG,22,11,29
1702,69,Small,KMG,55,12,94
1703,69,Small,KMG,71,11,164
1704,69,Small,KMG,40,12,85
1705,69,Small,KMG,78,11,148
1707,69,Small,KMG,82,13,131
1708,69,Small,KMG,67,13,151
1709,69,Small,KMG,62,12,137
1710,69,Small,KMG,34,12,49
1711,69,Small,KMG,78,12,120
1712,69,Small,KMG,83,12,169
1713,69,Small,KMG,89,11,141
1714,69,Small,KMG,18,12,6
1715,69,Small,KMG,88,12,147
1716,69,Small,KMG,83,12,151
1717,69,Small,KMG,60,13,137
1718,69,Small,KMG,27,11,18
1719,69,Small,KMG,46,13,87
1720,69,Small,KMG,48,12,124
1721,69,Small,KMG,101,11,165
1722,69,Small,KMG,99,12,186
1723,69,Small,KMG,93,12,135
1724,69,Small,KMG,59,11,160
1725,69,Small,KMG,37,12,54
1726,70,Small,KMG,49,13,113
1727,70,Small,KMG,77,13,186
1728,70,Small,KMG,40,12,82
1730,70,Small,KMG,91,13,200
1731,70,Small,KMG,52,11,98
1732,70,Small,KMG,90,11,163
1733,70,Small,KMG,83,12,171
1735,70,Small,KMG,74,11,145
1736,70,Small,KMG,66,13,172
1737,70,Small,KMG,94,11,144
1738,70,Small,KMG,58,11,159
1739,70,Small,KMG,29,12,58
1740,70,Small,KMG,95,13,162
1741,70,Small,KMG,92,12,150
1742,70,Small,KMG,62,13,167
1743,70,Small,KMG,85,13,144
1745,70,Small,KMG,93,13,194
1746,70,Small,KMG,91,13,200
1747,70,Small,KMG,80,11,156
1748,70,Small,KMG,69,12,123
1749,70,Small,KMG,43,11,110
1750,70,Small,KMG,101,12,155
1751,71,Small,KMG,67,12,170
1752,71,Small,KMG,83,11,156
1753,71,Small,KMG,48,13,68
1754,71,Small,KMG,38,11,66
1755,71,Small,KMG,101,13,157
1757,71,Small,KMG,66,11,147
1759,71,Small,KMG,43,11,85
1760,71,Small,KMG,61,13,152
1761,71,Small,KMG,26,12,33
1762,71,Small,KMG,88,11,177
1763,71,Small,KMG,83,11,167
1764,71,Small,KMG,56,11,121
1766,71,Small,KMG,77,12,140
1767,71,Small,KMG,95,11,119
1768,71,Small,KMG,44,11,84
1769,71,Small,KMG,95,12,141
1770,71,Small,KMG,95,13,114
1771,71,Small,KMG,73,11,170
1772,71,Small,KMG,37,12,52
1773,71,Small,KMG,100,12,182
1774,71,Small,KMG,50,12,87
1775,71,Small,KMG,82,11,179
1776,72,Small,KMG,100,12,175
1777,72,Small,KMG,47,12,133
1778,72,Small,KMG,66,11,168
1779,72,Small,KMG,44,12,82
1781,72,Small,KMG,35,12,68
1782,72,Small,KMG,62,11,107
1783,72,Small,KMG,39,12,71
1784,72,Small,KMG,99,11,168
1785,72,Small,KMG,84,11,184
1786,72,Small,KMG,31,12,51
1787,72,Small,KMG,80,12,139
1789,72,Small,KMG,80,11,120
1790,72,Small,KMG,90,11,168
1791,72,Small,KMG,82,12,165
1792,72,Small,KMG,83,12,159
1793,72,Small,KMG,52,13,138
1794,72,Small,KMG,67,11,118
1795,72,Small,KMG,16,12,3
1796,72,Small,KMG,98,12,145
1797,72,Small,KMG,95,12,167
1798,72,Small,KMG,71,12,146
1799,72,Small,KMG,48,13,131
1800,72,Small,KMG,25,11,32
1801,73,Small,NFN,29,14,41
1804,73,Small,NFN,33,11,38
1805,73,Small,NFN,28,13,45
1806,73,Small,NFN,40,13,52
1808,73,Small,NFN,49,12,76
1809,73,Small,NFN,66,14,113
1810,73,Small,NFN,60,12,101
1811,73,Small,NFN,61,13,101
1812,73,Small,NFN,57,12,113
1813,73,Small,NFN,63,13,107
1814,73,Small,NFN,70,14,87
1815,73,Small,NFN,77,14,127
1817,73,Small,NFN,52,14,89
1818,73,Small,NFN,72,11,106
1819,73,Small,NFN,35,14,46
1820,73,Small,NFN,27,14,19
1821,73,Small,NFN,50,12,55
1822,73,Small,NFN,78,12,144
1823,73,Small,NFN,38,12,61
1824,73,Small,NFN,26,12,14
1826,74,Small,NFN,28,13,34
1828,74,Small,NFN,40,12,39
1829,74,Small,NFN,27,14,15
1831,74,Small,NFN,71,12,127
1832,74,Small,NFN,60,12,90
1834,74,Small,NFN,47,13,67
1835,74,Small,NFN,67,12,99
1836,74,Small,NFN,17,11,5
1837,74,Small,NFN,43,12,108
1838,74,Small,NFN,37,11,30
1839,74,Small,NFN,26,13,13
1840,74,Small,NFN,75,13,96
1841,74,Small,NFN,66,12,93
1842,74,Small,NFN,22,14,18
1843,74,Small,NFN,60,14,134
1845,74,Small,NFN,56,11,80
1846,74,Small,NFN,50,13,75
1847,74,Small,NFN,33,13,51
1848,74,Small,NFN,48,12,86
1849,74,Small,NFN,44,11,57
1851,75,Small,NFN,38,11,50
1853,75,Small,NFN,68,11,88
1854,75,Small,NFN,21,13,25
1855,75,Small,NFN,44,12,71
1856,75,Small,NFN,17,11,3
1857,75,Small,NFN,63,12,130
1858,75,Small,NFN,40,13,66
1859,75,Small,NFN,62,12,94
1861,75,Small,NFN,61,12,99
1862,75,Small,NFN,60,14,90
1863,75,Small,NFN,31,12,22
1864,75,Small,NFN,59,14,94
1865,75,Small,NFN,55,12,65
1867,75,Small,NFN,49,11,91
1868,75,Small,NFN,42,12,58
1869,75,Small,NFN,30,14,29
1870,75,Small,NFN,33,11,33
1871,75,Small,NFN,47,12,64
1873,75,Small,NFN,43,14,68
1874,75,Small,NFN,44,13,49
1877,76,Small,NFN,33,14,29
1878,76,Small,NFN,20,14,14
1880,76,Small,NFN,49,12,81
1881,76,Small,NFN,28,13,46
1882,76,Small,NFN,69,11,92
1884,76,Small,NFN,23,12,17
1885,76,Small,NFN,59,14,81
1887,76,Small,NFN,54,12,111
1888,76,Small,NFN,37,12,39
1889,76,Small,NFN,55,14,77
1890,76,Small,NFN,16,14,7
1891,76,Small,NFN,22,11,30
1893,76,Small,NFN,37,13,73
1894,76,Small,NFN,42,13,41
1895,76,Small,NFN,45,14,80
1896,76,Small,NFN,27,14,24
1897,76,Small,NFN,18,14,12
1898,76,Small,NFN,55,14,86
1899,76,Small,NFN,67,12,97
1900,76,Small,NFN,50,14,76
1901,77,Small,NFN,45,15,67
1902,77,Small,NFN,44,14,54
1903,77,Small,NFN,52,14,94
1904,77,Small,NFN,50,12,93
1905,77,Small,NFN,30,15,38
1907,77,Small,NFN,38,13,53
1908,77,Small,NFN,27,12,25
1909,77,Small,NFN,44,15,38
1910,77,Small,NFN,27,12,15
1911,77,Small,NFN,30,13,25
1913,77,Small,NFN,55,12,91
1914,77,Small,NFN,22,13,12
1915,77,Small,NFN,45,13,53
1916,77,Small,NFN,47,12,40
1918,77,Small,NFN,66,15,96
1919,77,Small,NFN,62,13,61
1920,77,Small,NFN,33,13,37
1921,77,Small,NFN,49,14,64
1922,77,Small,NFN,64,12,96
1923,77,Small,NFN,25,13,25
1924,77,Small,NFN,47,14,53
1925,77,Small,NFN,60,13,82
1926,78,Small,NFN,37,15,42
1927,78,Small,NFN,42,14,45
1928,78,Small,NFN,40,14,75
1929,78,Small,NFN,20,13,13
1930,78,Small,NFN,26,15,19
1931,78,Small,NFN,29,13,31
1933,78,Small,NFN,42,14,64
1934,78,Small,NFN,27,15,17
1935,78,Small,NFN,42,14,64
1936,78,Small,NFN,50,12,65
1937,78,Small,NFN,55,15,74
1938,78,Small,NFN,33,13,53
1939,78,Small,NFN,48,12,82
1940,78,Small,NFN,51,14,68
1941,78,Small,NFN,18,12,8
1942,78,Small,NFN,57,12,112
1945,78,Small,NFN,59,15,94
1947,78,Small,NFN,17,15,11
1948,78,Small,NFN,45,13,63
1951,79,Small,NFN,29,13,38
1952,79,Small,NFN,48,12,103
1954,79,Small,NFN,55,12,87
1955,79,Small,NFN,44,15,71
1956,79,Small,NFN,26,13,36
1958,79,Small,NFN,30,13,46
1959,79,Small,NFN,59,14,67
1960,79,Small,NFN,33,14,41
1961,79,Small,NFN,18,12,9
1962,79,Small,NFN,22,14,4
1963,79,Small,NFN,41,13,59
1964,79,Small,NFN,42,14,45
1965,79,Small,NFN,27,14,30
1966,79,Small,NFN,64,14,99
1967,79,Small,NFN,66,12,89
1968,79,Small,NFN,48,12,70
1969,79,Small,NFN,61,13,89
1972,79,Small,NFN,34,14,64
1973,79,Small,NFN,37,12,45
1974,79,Small,NFN,20,13,10
1976,80,Small,NFN,27,12,33
1977,80,Small,NFN,22,12,21
1978,80,Small,NFN,37,14,56
1982,80,Small,NFN,50,13,80
1983,80,Small,NFN,57,14,90
1984,80,Small,NFN,44,12,64
1986,80,Small,NFN,58,13,85
1987,80,Small,NFN,55,13,78
1991,80,Small,NFN,22,14,8
1992,80,Small,NFN,36,14,53
1993,80,Small,NFN,64,15,96
1996,80,Small,NFN,67,14,82
1997,80,Small,NFN,32,14,34
1999,80,Small,NFN,63,13,78
2000,80,Small,NFN,37,13,46
2001,81,Small,NFN,55,12,206
2002,81,Small,NFN,67,12,214
2003,81,Small,NFN,48,11,164
2004,81,Small,NFN,89,12,253
2006,81,Small,NFN,86,13,205
2007,81,Small,NFN,33,13,83
2008,81,Small,NFN,112,12,303
2009,81,Small,NFN,107,13,283
2010,81,Small,NFN,101,13,212
2011,81,Small,NFN,88,12,292
2013,81,Small,NFN,72,12,234
2014,81,Small,NFN,78,12,212
2015,81,Small,NFN,27,12,51
2016,81,Small,NFN,79,13,293
2017,81,Small,NFN,77,12,211
2018,81,Small,NFN,62,13,176
2020,81,Small,NFN,66,12,145
2021,81,Small,NFN,54,13,129
2023,81,Small,NFN,99,11,210
2024,81,Small,NFN,58,12,94
2025,81,Small,NFN,25,11,47
2026,82,Small,NFN,67,11,168
2027,82,Small,NFN,88,12,270
2028,82,Small,NFN,86,11,237
2029,82,Small,NFN,38,13,49
2030,82,Small,NFN,72,13,197
2032,82,Small,NFN,103,11,248
2033,82,Small,NFN,71,13,214
2034,82,Small,NFN,59,13,170
2035,82,Small,NFN,93,12,269
2037,82,Small,NFN,111,13,266
2038,82,Small,NFN,99,11,285
2039,82,Small,NFN,61,11,205
2040,82,Small,NFN,102,13,246
2041,82,Small,NFN,33,11,41
2042,82,Small,NFN,89,13,218
2043,82,Small,NFN,55,13,174
2045,82,Small,NFN,78,12,199
2046,82,Small,NFN,76,13,189
2047,82,Small,NFN,83,12,281
2048,82,Small,NFN,37,13,34
2049,82,Small,NFN,66,13,193
2051,83,Small,NFN,40,11,100
2052,83,Small,NFN,80,11,178
2053,83,Small,NFN,83,13,277
2054,83,Small,NFN,16,12,9
2055,83,Small,NFN,89,11,235
2056,83,Small,NFN,82,13,237
2057,83,Small,NFN,61,11,139
2058,83,Small,NFN,75,11,159
2059,83,Small,NFN,55,11,156
2060,83,Small,NFN,91,12,182
2062,83,Small,NFN,91,13,280
2063,83,Small,NFN,50,11,129
2064,83,Small,NFN,90,13,192
2065,83,Small,NFN,33,13,40
2066,83,Small,NFN,77,11,170
2067,83,Small,NFN,101,12,283
2068,83,Small,NFN,100,13,221
2069,83,Small,NFN,73,11,225
2070,83,Small,NFN,55,12,218
2071,83,Small,NFN,18,12,16
2072,83,Small,NFN,67,11,250
2073,83,Small,NFN,82,13,292
2074,83,Small,NFN,66,11,218
2076,84,Small,NFN,45,12,108
2077,84,Small,NFN,58,12,156
2078,84,Small,NFN,52,12,167
2079,84,Small,NFN,37,13,105
2080,84,Small,NFN,43,13,116
2081,84,Small,NFN,102,11,264
2082,84,Small,NFN,91,12,243
2084,84,Small,NFN,101,12,256
2085,84,Small,NFN,90,13,277
2086,84,Small,NFN,42,11,108
2087,84,Small,NFN,66,13,158
2088,84,Small,NFN,61,11,202
2089,84,Small,NFN,54,11,142
2090,84,Small,NFN,17,12,10
2091,84,Small,NFN,44,13,113
2092,84,Small,NFN,40,13,78
2093,84,Small,NFN,41,11,103
2094,84,Small,NFN,111,13,330
2095,84,Small,NFN,98,12,200
2096,84,Small,NFN,58,11,152
2097,84,Small,NFN,112,12,266
2098,84,Small,NFN,80,13,204
2099,84,Small,NFN,82,12,224
2101,85,Small,VRI,49,15,39
2103,85,Small,VRI,48,15,22
2104,85,Small,VRI,22,14,9
2105,85,Small,VRI,33,14,27
2107,85,Small,VRI,41,15,40
2108,85,Small,VRI,28,17,20
2109,85,Small,VRI,47,15,35
2110,85,Small,VRI,18,16,11
2111,85,Small,VRI,20,16,16
2114,85,Small,VRI,44,14,35
2115,85,Small,VRI,28,15,17
2116,85,Small,VRI,41,14,32
2118,85,Small,VRI,24,16,11
2121,85,Small,VRI,36,15,38
2122,85,Small,VRI,30,14,24
2124,85,Small,VRI,33,17,23
2125,85,Small,VRI,26,17,14
2130,86,Small,VRI,26,14,21
2132,86,Small,VRI,46,14,35
2134,86,Small,VRI,44,16,43
2136,86,Small,VRI,39,17,35
2138,86,Small,VRI,38,14,32
2139,86,Small,VRI,46,15,31
2144,86,Small,VRI,20,17,8
2145,86,Small,VRI,40,16,26
2147,86,Small,VRI,30,15,19
2149,86,Small,VRI,22,16,11
2151,87,Small,VRI,27,15,13
2152,87,Small,VRI,16,17,5
2154,87,Small,VRI,20,16,12
2156,87,Small,VRI,25,14,23
2157,87,Small,VRI,30,14,23
2159,87,Small,VRI,32,14,27
2160,87,Small,VRI,36,15,26
2162,87,Small,VRI,22,16,24
2163,87,Small,VRI,30,15,14
2166,87,Small,VRI,31,15,21
2167,87,Small,VRI,34,15,17
2168,87,Small,VRI,28,16,22
2170,87,Small,VRI,26,16,25
2171,87,Small,VRI,27,15,17
2174,87,Small,VRI,51,17,42
2175,87,Small,VRI,49,16,30
2176,88,Small,VRI,31,17,22
2178,88,Small,VRI,30,15,28
2179,88,Small,VRI,26,16,12
2180,88,Small,VRI,33,17,34
2182,88,Small,VRI,20,15,10
2183,88,Small,VRI,28,17,28
2185,88,Small,VRI,20,17,15
2188,88,Small,VRI,31,14,20
2189,88,Small,VRI,23,17,12
2190,88,Small,VRI,26,17,18
2191,88,Small,VRI,48,15,34
2193,88,Small,VRI,41,17,41
2195,88,Small,VRI,25,15,9
2196,88,Small,VRI,22,16,17
2197,88,Small,VRI,29,15,23
2198,88,Small,VRI,37,15,23
2199,88,Small,VRI,41,14,24
2200,88,Small,VRI,40,15,31
2201,89,Small,VRI,30,14,24
2202,89,Small,VRI,31,17,24
2203,89,Small,VRI,19,15,8
2204,89,Small,VRI,29,16,23
2206,89,Small,VRI,22,15,10
2207,89,Small,VRI,33,16,29
2208,89,Small,VRI,30,16,24
2210,89,Small,VRI,27,17,15
2211,89,Small,VRI,26,16,21
2212,89,Small,VRI,23,17,21
2213,89,Small,VRI,36,14,22
2215,89,Small,VRI,41,16,42
2216,89,Small,VRI,26,14,22
2217,89,Small,VRI,18,14,8
2218,89,Small,VRI,44,14,28
2220,89,Small,VRI,37,14,35
2221,89,Small,VRI,40,17,34
2222,89,Small,VRI,24,17,17
2223,89,Small,VRI,16,16,9
2224,89,Small,VRI,27,15,24
2225,89,Small,VRI,22,14,16
2229,90,Small,VRI,24,14,4
2231,90,Small,VRI,23,15,21
2232,90,Small,VRI,33,15,34
2233,90,Small,VRI,37,14,29
2234,90,Small,VRI,18,14,6
2235,90,Small,VRI,46,17,49
2236,90,Small,VRI,31,15,23
2237,90,Small,VRI,17,15,4
2238,90,Small,VRI,30,15,32
2239,90,Small,VRI,22,15,13
2240,90,Small,VRI,27,15,23
2241,90,Small,VRI,35,17,31
2242,90,Small,VRI,18,15,13
2243,90,Small,VRI,41,16,36
2244,90,Small,VRI,18,17,13
2245,90,Small,VRI,40,16,23
2246,90,Small,VRI,35,14,39
2247,90,Small,VRI,27,17,23
2248,90,Small,VRI,39,14,27
2249,90,Small,VRI,33,14,32
2252,91,Small,VRI,23,16,13
2253,91,Small,VRI,23,14,12
2254,91,Small,VRI,18,14,5
2255,91,Small,VRI,33,15,25
2256,91,Small,VRI,28,14,30
2257,91,Small,VRI,21,16,8
2258,91,Small,VRI,30,16,18
2259,91,Small,VRI,16,14,4
2260,91,Small,VRI,38,14,25
2261,91,Small,VRI,37,17,37
2262,91,Small,VRI,28,16,33
2263,91,Small,VRI,22,14,19
2264,91,Small,VRI,18,15,8
2266,91,Small,VRI,25,15,17
2267,91,Small,VRI,37,15,38
2268,91,Small,VRI,45,16,39
2269,91,Small,VRI,25,14,28
2271,91,Small,VRI,41,17,27
2272,91,Small,VRI,18,15,9
2273,91,Small,VRI,27,17,21
2274,91,Small,VRI,34,17,35
2275,91,Small,VRI,41,16,37
2276,92,Small,VRI,17,14,8
2277,92,Small,VRI,21,15,19
2278,92,Small,VRI,39,17,32
2280,92,Small,VRI,41,17,40
2281,92,Small,VRI,30,17,18
2283,92,Small,VRI,20,15,10
2284,92,Small,VRI,27,16,27
2285,92,Small,VRI,30,15,26
2287,92,Small,VRI,46,15,33
2288,92,Small,VRI,21,14,20
2289,92,Small,VRI,16,15,4
2291,92,Small,VRI,31,17,22
2293,92,Small,VRI,20,15,7
2294,92,Small,VRI,22,15,11
2295,92,Small,VRI,38,15,50
2297,92,Small,VRI,33,14,26
2298,92,Small,VRI,33,15,12
2301,93,Small,VRI,37,14,40
2302,93,Small,VRI,50,14,91
2305,93,Small,VRI,51,13,113
2306,93,Small,VRI,66,12,131
2307,93,Small,VRI,69,12,168
2308,93,Small,VRI,70,13,122
2310,93,Small,VRI,55,14,105
2311,93,Small,VRI,61,12,128
2312,93,Small,VRI,63,14,114
2314,93,Small,VRI,55,12,85
2315,93,Small,VRI,71,12,125
2316,93,Small,VRI,61,13,88
2318,93,Small,VRI,51,13,128
2320,93,Small,VRI,58,14,110
2321,93,Small,VRI,28,14,59
2322,93,Small,VRI,49,13,122
2323,93,Small,VRI,33,14,54
2324,93,Small,VRI,16,13,4
2325,93,Small,VRI,45,12,90
2326,94,Small,VRI,66,14,117
2327,94,Small,VRI,40,12,113
2328,94,Small,VRI,28,12,50
2329,94,Small,VRI,64,14,162
2331,94,Small,VRI,61,12,98
2332,94,Small,VRI,47,14,81
2333,94,Small,VRI,61,14,149
2334,94,Small,VRI,45,12,71
2335,94,Small,VRI,58,13,137
2336,94,Small,VRI,37,12,78
2337,94,Small,VRI,58,13,99
2338,94,Small,VRI,52,13,88
2339,94,Small,VRI,68,14,172
2341,94,Small,VRI,45,12,87
2343,94,Small,VRI,52,13,104
2344,94,Small,VRI,67,13,123
2345,94,Small,VRI,45,13,88
2346,94,Small,VRI,44,12,59
2347,94,Small,VRI,37,14,68
2348,94,Small,VRI,43,13,85
2349,94,Small,VRI,50,12,101
2350,94,Small,VRI,33,13,75
2352,95,Small,VRI,55,12,116
2353,95,Small,VRI,34,14,73
2355,95,Small,VRI,51,12,107
2356,95,Small,VRI,59,14,113
2357,95,Small,VRI,16,12,6
2358,95,Small,VRI,53,12,101
2359,95,Small,VRI,51,12,119
2360,95,Small,VRI,62,13,121
2361,95,Small,VRI,22,14,23
2362,95,Small,VRI,65,14,108
2364,95,Small,VRI,65,14,146
2365,95,Small,VRI,51,12,107
2366,95,Small,VRI,27,13,31
2367,95,Small,VRI,68,12,114
2369,95,Small,VRI,71,13,141
2370,95,Small,VRI,49,14,76
2371,95,Small,VRI,77,13,158
2372,95,Small,VRI,37,12,60
2373,95,Small,VRI,63,14,116
2374,95,Small,VRI,38,13,50
2375,95,Small,VRI,20,14,23
2377,96,Small,VRI,36,14,27
2378,96,Small,VRI,40,12,80
2379,96,Small,VRI,46,13,70
2380,96,Small,VRI,69,12,116
2381,96,Small,VRI,22,12,24
2382,96,Small,VRI,65,13,141
2383,96,Small,VRI,66,13,122
2385,96,Small,VRI,32,12,61
2386,96,Small,VRI,67,14,99
2388,96,Small,VRI,67,13,117
2389,96,Small,VRI,39,12,84
2390,96,Small,VRI,61,14,120
2391,96,Small,VRI,32,14,54
2392,96,Small,VRI,58,12,123
2393,96,Small,VRI,17,13,4
2394,96,Small,VRI,50,13,142
2396,96,Small,VRI,52,14,72
2397,96,Small,VRI,55,12,77
2398,96,Small,VRI,48,13,109
2399,96,Small,VRI,32,13,63
2400,96,Small,VRI,25,12,19
2401,97,Large,VOL,57,11,119
2402,97,Large,VOL,48,12,93
2403,97,Large,VOL,61,11,101
2405,97,Large,VOL,66,11,134
2406,97,Large,VOL,66,12,161
2407,97,Large,VOL,75,13,124
2408,97,Large,VOL,116,13,236
2409,97,Large,VOL,82,12,206
2410,97,Large,VOL,92,12,165
2411,97,Large,VOL,37,11,44
2412,97,Large,VOL,101,13,195
2413,97,Large,VOL,89,13,193
2414,97,Large,VOL,72,11,137
2415,97,Large,VOL,109,12,224
2417,97,Large,VOL,113,13,265
2418,97,Large,VOL,49,12,106
2419,97,Large,VOL,111,12,236
2420,97,Large,VOL,73,12,116
2421,97,Large,VOL,29,13,40
2422,97,Large,VOL,100,13,209
2423,97,Large,VOL,101,11,203
2424,97,Large,VOL,91,12,208
2425,97,Large,VOL,55,13,129
2426,98,Large,VOL,96,13,227
2427,98,Large,VOL,59,13,79
2428,98,Large,VOL,99,11,217
2429,98,Large,VOL,100,13,192
2431,98,Large,VOL,101,12,185
2432,98,Large,VOL,106,11,170
2433,98,Large,VOL,107,13,229
2434,98,Large,VOL,99,13,181
2435,98,Large,VOL,31,13,71
2436,98,Large,VOL,95,13,201
2437,98,Large,VOL,105,13,250
2438,98,Large,VOL,91,11,178
2439,98,Large,VOL,100,11,193
2440,98,Large,VOL,95,11,206
2441,98,Large,VOL,38,13,91
2442,98,Large,VOL,110,12,216
2443,98,Large,VOL,111,12,255
2444,98,Large,VOL,108,13,219
2445,98,Large,VOL,93,12,185
2446,98,Large,VOL,78,13,172
2447,98,Large,VOL,107,12,176
2448,98,Large,VOL,98,12,262
2449,98,Large,VOL,95,13,219
2450,98,Large,VOL,74,12,157
2451,99,Large,VOL,67,11,152
2452,99,Large,VOL,90,12,191
2453,99,Large,VOL,111,11,185
2454,99,Large,VOL,97,12,189
2455,99,Large,VOL,92,11,190
2456,99,Large,VOL,106,12,216
2457,99,Large,VOL,93,13,247
2458,99,Large,VOL,19,12,18
2459,99,Large,VOL,90,13,222
2460,99,Large,VOL,101,11,208
2461,99,Large,VOL,105,13,261
2462,99,Large,VOL,92,13,211
2463,99,Large,VOL,99,12,232
2464,99,Large,VOL,119,11,194
2465,99,Large,VOL,90,12,181
2466,99,Large,VOL,84,11,143
2467,99,Large,VOL,98,13,222
2468,99,Large,VOL,23,12,10
2469,99,Large,VOL,99,11,241
2470,99,Large,VOL,105,12,218
2471,99,Large,VOL,58,13,154
2472,99,Large,VOL,105,11,197
2473,99,Large,VOL,107,13,239
2474,99,Large,VOL,91,12,187
2475,99,Large,VOL,89,11,230
2477,100,Large,VOL,88,13,206
2478,100,Large,VOL,90,11,196
2479,100,Large,VOL,94,11,211
2480,100,Large,VOL,104,11,265
2481,100,Large,VOL,96,13,208
2482,100,Large,VOL,110,12,238
2483,100,Large,VOL,119,13,234
2484,100,Large,VOL,33,13,58
2485,100,Large,VOL,104,12,200
2486,100,Large,VOL,95,12,267
2487,100,Large,VOL,81,13,191
2488,100,Large,VOL,88,13,166
2489,100,Large,VOL,27,12,45
2490,100,Large,VOL,92,11,215
2491,100,Large,VOL,109,11,208
2492,100,Large,VOL,97,12,186
2493,100,Large,VOL,106,13,257
2494,100,Large,VOL,101,11,205
2495,100,Large,VOL,87,12,202
2496,100,Large,VOL,114,12,212
2497,100,Large,VOL,100,12,180
2498,100,Large,VOL,107,11,213
2499,100,Large,VOL,91,13,205
2500,100,Large,VOL,66,11,130
2501,101,Large,BEOM,86,11,319
2502,101,Large,BEOM,91,13,370
2503,101,Large,BEOM,77,13,168
2505,101,Large,BEOM,68,13,210
2506,101,Large,BEOM,101,13,369
2508,101,Large,BEOM,91,11,336
2510,101,Large,BEOM,101,11,334
2511,101,Large,BEOM,105,13,339
2512,101,Large,BEOM,90,11,277
2513,101,Large,BEOM,111,11,399
2514,101,Large,BEOM,108,12,391
2516,101,Large,BEOM,87,13,282
2517,101,Large,BEOM,82,11,272
2519,101,Large,BEOM,115,12,332
2520,101,Large,BEOM,82,12,280
2521,101,Large,BEOM,100,13,374
2522,101,Large,BEOM,18,12,14
2523,101,Large,BEOM,87,13,266
2524,101,Large,BEOM,98,12,380
2525,101,Large,BEOM,49,13,156
2526,102,Large,BEOM,84,12,259
2527,102,Large,BEOM,39,11,116
2529,102,Large,BEOM,67,13,212
2530,102,Large,BEOM,82,11,289
2532,102,Large,BEOM,71,12,188
2533,102,Large,BEOM,90,11,305
2535,102,Large,BEOM,94,12,370
2536,102,Large,BEOM,81,13,347
2538,102,Large,BEOM,89,11,335
2539,102,Large,BEOM,94,12,297
2540,102,Large,BEOM,99,11,260
2541,102,Large,BEOM,111,11,352
2542,102,Large,BEOM,81,13,224
2544,102,Large,BEOM,105,12,387
2545,102,Large,BEOM,99,11,342
2546,102,Large,BEOM,117,11,342
2548,102,Large,BEOM,107,11,370
2549,102,Large,BEOM,94,11,402
2550,102,Large,BEOM,88,11,268
2551,103,Large,BEOM,45,13,83
2552,103,Large,BEOM,76,12,215
2553,103,Large,BEOM,95,13,302
2554,103,Large,BEOM,90,11,219
2556,103,Large,BEOM,111,13,368
2557,103,Large,BEOM,105,11,348
2558,103,Large,BEOM,96,11,300
2559,103,Large,BEOM,90,11,279
2561,103,Large,BEOM,81,13,216
2562,103,Large,BEOM,72,11,249
2563,103,Large,BEOM,108,13,328
2564,103,Large,BEOM,117,13,349
2565,103,Large,BEOM,119,13,343
2567,103,Large,BEOM,121,13,356
2568,103,Large,BEOM,90,13,328
2569,103,Large,BEOM,73,13,224
2573,103,Large,BEOM,88,13,289
2574,103,Large,BEOM,90,12,362
2575,103,Large,BEOM,101,11,305
2576,104,Large,BEOM,72,13,296
2577,104,Large,BEOM,88,11,283
2579,104,Large,BEOM,80,13,263
2580,104,Large,BEOM,103,12,361
2581,104,Large,BEOM,95,12,317
2583,104,Large,BEOM,102,12,338
2584,104,Large,BEOM,115,12,408
2586,104,Large,BEOM,115,12,493
2587,104,Large,BEOM,99,13,271
2588,104,Large,BEOM,117,13,342
2590,104,Large,BEOM,91,11,282
2592,104,Large,BEOM,110,13,350
2593,104,Large,BEOM,106,13,310
2595,104,Large,BEOM,118,11,350
2596,104,Large,BEOM,104,13,361
2597,104,Large,BEOM,100,13,362
2599,104,Large,BEOM,91,12,301
2600,104,Large,BEOM,29,13,35
2601,105,Large,AST5,77,11,319
2602,105,Large,AST5,58,12,180
2603,105,Large,AST5,95,11,259
2605,105,Large,AST5,81,11,274
2606,105,Large,AST5,100,11,325
2607,105,Large,AST5,61,13,220
2608,105,Large,AST5,107,13,364
2609,105,Large,AST5,110,12,408
2610,105,Large,AST5,112,13,324
2612,105,Large,AST5,116,12,376
2613,105,Large,AST5,54,13,200
2614,105,Large,AST5,101,12,391
2615,105,Large,AST5,84,11,205
2616,105,Large,AST5,80,11,282
2617,105,Large,AST5,56,13,104
2618,105,Large,AST5,121,12,451
2619,105,Large,AST5,118,11,436
2620,105,Large,AST5,101,12,261
2621,105,Large,AST5,88,11,323
2622,105,Large,AST5,92,13,384
2623,105,Large,AST5,71,13,288
2624,105,Large,AST5,90,13,343
2625,105,Large,AST5,67,13,309
2626,106,Large,AST5,66,11,227
2627,106,Large,AST5,91,13,374
2628,106,Large,AST5,98,11,294
2629,106,Large,AST5,109,12,313
2631,106,Large,AST5,93,13,296
2632,106,Large,AST5,108,12,276
2633,106,Large,AST5,55,11,197
2634,106,Large,AST5,120,13,343
2635,106,Large,AST5,33,13,58
2636,106,Large,AST5,118,13,323
2637,106,Large,AST5,100,11,348
2638,106,Large,AST5,76,11,329
2639,106,Large,AST5,81,13,307
2640,106,Large,AST5,115,13,362
2641,106,Large,AST5,99,13,361
2642,106,Large,AST5,88,13,259
2643,106,Large,AST5,111,11,427
2644,106,Large,AST5,16,12,7
2645,106,Large,AST5,97,13,269
2646,106,Large,AST5,72,13,261
2647,106,Large,AST5,42,11,136
2648,106,Large,AST5,110,11,283
2649,106,Large,AST5,96,12,321
2650,106,Large,AST5,84,11,322
2651,107,Large,AST5,83,11,268
2652,107,Large,AST5,112,12,369
2653,107,Large,AST5,61,13,200
2654,107,Large,AST5,105,11,343
2655,107,Large,AST5,16,13,6
2656,107,Large,AST5,102,12,398
2657,107,Large,AST5,119,12,391
2658,107,Large,AST5,99,12,394
2659,107,Large,AST5,120,11,402
2660,107,Large,AST5,49,13,137
2661,107,Large,AST5,118,12,331
2662,107,Large,AST5,89,11,344
2663,107,Large,AST5,38,11,88
2664,107,Large,AST5,113,11,377
2665,107,Large,AST5,72,11,288
2666,107,Large,AST5,101,12,375
2667,107,Large,AST5,23,13,18
2668,107,Large,AST5,107,13,380
2669,107,Large,AST5,108,12,399
2670,107,Large,AST5,91,12,375
2671,107,Large,AST5,44,12,102
2672,107,Large,AST5,98,13,384
2673,107,Large,AST5,95,13,340
2674,107,Large,AST5,105,11,321
2675,107,Large,AST5,69,12,278
2676,108,Large,AST5,100,12,340
2677,108,Large,AST5,86,11,355
2678,108,Large,AST5,33,11,93
2679,108,Large,AST5,102,13,359
2680,108,Large,AST5,117,11,321
2681,108,Large,AST5,120,11,381
2683,108,Large,AST5,112,13,416
2684,108,Large,AST5,103,11,415
2685,108,Large,AST5,97,13,297
2686,108,Large,AST5,61,11,239
2687,108,Large,AST5,101,12,295
2688,108,Large,AST5,88,11,313
2689,108,Large,AST5,101,12,417
2690,108,Large,AST5,99,13,269
2692,108,Large,AST5,112,11,373
2693,108,Large,AST5,50,11,213
2694,108,Large,AST5,91,13,440
2695,108,Large,AST5,83,11,277
2696,108,Large,AST5,59,11,154
2697,108,Large,AST5,105,13,348
2698,108,Large,AST5,113,12,336
2699,108,Large,AST5,90,12,328
2700,108,Large,AST5,85,12,337
2701,109,Large,ISM12,55,11,80
2702,109,Large,ISM12,59,11,110
2703,109,Large,ISM12,40,13,55
2707,109,Large,ISM12,45,12,74
2709,109,Large,ISM12,60,13,147
2710,109,Large,ISM12,38,12,56
2711,109,Large,ISM12,50,12,83
2713,109,Large,ISM12,55,13,103
2714,109,Large,ISM12,40,12,61
2715,109,Large,ISM12,62,11,166
2717,109,Large,ISM12,67,13,173
2718,109,Large,ISM12,49,13,90
2719,109,Large,ISM12,53,11,86
2720,109,Large,ISM12,39,11,80
2722,109,Large,ISM12,58,12,100
2723,109,Large,ISM12,46,11,112
2724,109,Large,ISM12,33,11,34
2727,110,Large,ISM12,40,13,45
2728,110,Large,ISM12,67,13,158
2729,110,Large,ISM12,25,12,35
2731,110,Large,ISM12,69,13,177
2732,110,Large,ISM12,41,11,90
2733,110,Large,ISM12,33,11,43
2735,110,Large,ISM12,52,11,113
2736,110,Large,ISM12,46,11,70
2737,110,Large,ISM12,37,11,58
2738,110,Large,ISM12,18,12,2
2739,110,Large,ISM12,47,12,110
2741,110,Large,ISM12,45,13,98
2742,110,Large,ISM12,63,11,123
2743,110,Large,ISM12,37,12,68
2744,110,Large,ISM12,55,12,152
2745,110,Large,ISM12,43,11,57
2747,110,Large,ISM12,30,13,19
2750,110,Large,ISM12,56,12,113
2751,111,Large,ISM12,60,12,155
2752,111,Large,ISM12,46,12,105
2753,111,Large,ISM12,50,12,92
2754,111,Large,ISM12,37,12,69
2755,111,Large,ISM12,45,13,76
2757,111,Large,ISM12,68,11,136
2758,111,Large,ISM12,55,13,155
2759,111,Large,ISM12,60,12,141
2761,111,Large,ISM12,52,11,70
2764,111,Large,ISM12,30,13,36
2765,111,Large,ISM12,51,13,100
2767,111,Large,ISM12,35,12,64
2768,111,Large,ISM12,38,11,75
2769,111,Large,ISM12,56,12,127
2771,111,Large,ISM12,51,13,119
2772,111,Large,ISM12,54,12,88
2773,111,Large,ISM12,18,13,9
2774,111,Large,ISM12,41,12,47
2775,111,Large,ISM12,29,11,23
2776,112,Large,ISM12,50,12,112
2777,112,Large,ISM12,60,11,132
2779,112,Large,ISM12,16,11,6
2781,112,Large,ISM12,61,12,156
2782,112,Large,ISM12,49,13,93
2784,112,Large,ISM12,54,13,105
2787,112,Large,ISM12,55,12,112
2788,112,Large,ISM12,53,11,102
2789,112,Large,ISM12,60,13,116
2791,112,Large,ISM12,63,12,159
2792,112,Large,ISM12,51,11,84
2793,112,Large,ISM12,64,13,138
2794,112,Large,ISM12,64,12,110
2795,112,Large,ISM12,65,12,124
2798,112,Large,ISM12,37,13,79
2799,112,Large,ISM12,53,12,88
2800,112,Large,ISM12,39,13,92
2801,113,Small,BOL,50,11,53
2802,113,Small,BOL,56,12,55
2804,113,Small,BOL,63,11,67
2805,113,Small,BOL,55,14,57
2806,113,Small,BOL,47,15,40
2807,113,Small,BOL,48,13,53
2808,113,Small,BOL,40,11,52
2809,113,Small,BOL,59,11,38
2810,113,Small,BOL,46,14,64
2811,113,Small,BOL,62,11,47
2812,113,Small,BOL,59,12,67
2814,113,Small,BOL,55,15,66
2815,113,Small,BOL,48,13,64
2816,113,Small,BOL,47,12,73
2817,113,Small,BOL,53,12,66
2818,113,Small,BOL,55,11,59
2819,113,Small,BOL,50,14,44
2820,113,Small,BOL,29,15,33
2821,113,Small,BOL,52,13,48
2822,113,Small,BOL,47,13,51
2823,113,Small,BOL,44,13,33
2824,113,Small,BOL,51,15,57
2825,113,Small,BOL,42,14,51
2826,114,Small,BOL,56,13,48
2827,114,Small,BOL,44,15,36
2828,114,Small,BOL,40,13,49
2830,114,Small,BOL,60,15,75
2831,114,Small,BOL,54,15,70
2832,114,Small,BOL,21,12,22
2833,114,Small,BOL,62,14,70
2834,114,Small,BOL,50,14,46
2835,114,Small,BOL,67,15,77
2836,114,Small,BOL,66,14,45
2837,114,Small,BOL,44,11,51
2840,114,Small,BOL,46,14,53
2841,114,Small,BOL,37,12,32
2842,114,Small,BOL,22,11,8
2843,114,Small,BOL,40,15,53
2844,114,Small,BOL,42,11,48
2846,114,Small,BOL,51,14,61
2847,114,Small,BOL,25,15,19
2848,114,Small,BOL,52,14,47
2849,114,Small,BOL,41,14,43
2851,115,Small,BOL,20,15,12
2852,115,Small,BOL,41,14,45
2853,115,Small,BOL,55,15,76
2855,115,Small,BOL,53,15,54
2856,115,Small,BOL,47,11,52
2857,115,Small,BOL,65,12,69
2858,115,Small,BOL,19,11,8
2859,115,Small,BOL,54,15,48
2860,115,Small,BOL,52,13,74
2861,115,Small,BOL,29,14,29
2862,115,Small,BOL,46,11,42
2863,115,Small,BOL,69,15,71
2865,115,Small,BOL,67,11,61
2866,115,Small,BOL,52,13,38
2867,115,Small,BOL,70,14,71
2868,115,Small,BOL,41,12,55
2869,115,Small,BOL,61,14,49
2870,115,Small,BOL,61,15,57
2871,115,Small,BOL,47,15,56
2873,115,Small,BOL,60,11,63
2874,115,Small,BOL,41,15,36
2876,116,Small,BOL,55,14,44
2877,116,Small,BOL,42,11,52
2878,116,Small,BOL,68,15,90
2879,116,Small,BOL,63,14,48
2880,116,Small,BOL,51,12,70
2882,116,Small,BOL,40,12,34
2883,116,Small,BOL,49,11,52
2885,116,Small,BOL,73,14,65
2886,116,Small,BOL,63,11,61
2887,116,Small,BOL,58,14,65
2888,116,Small,BOL,66,14,60
2889,116,Small,BOL,45,11,47
2891,116,Small,BOL,54,15,63
2892,116,Small,BOL,67,14,86
2893,116,Small,BOL,46,12,41
2894,116,Small,BOL,49,13,65
2895,116,Small,BOL,46,14,42
2896,116,Small,BOL,37,15,39
2897,116,Small,BOL,58,15,83
2899,116,Small,BOL,40,14,32
2900,116,Small,BOL,59,13,81
2901,117,Small,N45,50,13,61
2903,117,Small,N45,52,13,41
2904,117,Small,N45,43,12,31
2905,117,Small,N45,47,11,50
2906,117,Small,N45,39,12,38
2907,117,Small,N45,17,13,6
2908,117,Small,N45,59,12,53
2909,117,Small,N45,44,11,44
2910,117,Small,N45,58,12,45
2912,117,Small,N45,63,11,88
2913,117,Small,N45,36,13,35
2914,117,Small,N45,44,11,49
2916,117,Small,N45,60,13,99
2917,117,Small,N45,47,13,68
2918,117,Small,N45,55,12,56
2920,117,Small,N45,53,11,50
2921,117,Small,N45,54,12,59
2922,117,Small,N45,40,11,51
2924,117,Small,N45,40,12,48
2926,118,Small,N45,41,12,42
2927,118,Small,N45,44,13,59
2928,118,Small,N45,37,11,32
2930,118,Small,N45,46,13,57
2931,118,Small,N45,38,13,18
2933,118,Small,N45,50,12,65
2934,118,Small,N45,42,11,41
2936,118,Small,N45,43,11,35
2937,118,Small,N45,44,13,40
2938,118,Small,N45,67,13,73
2939,118,Small,N45,41,11,19
2941,118,Small,N45,53,11,63
2942,118,Small,N45,43,12,50
2943,118,Small,N45,33,11,28
2944,118,Small,N45,59,13,83
2946,118,Small,N45,54,11,55
2948,118,Small,N45,65,12,71
2949,118,Small,N45,40,11,38
2950,118,Small,N45,25,13,17
2951,119,Small,N45,45,11,59
2952,119,Small,N45,41,13,41
2954,119,Small,N45,38,13,47
2956,119,Small,N45,43,12,40
2957,119,Small,N45,33,11,41
2958,119,Small,N45,45,12,42
2960,119,Small,N45,56,12,59
2961,119,Small,N45,56,12,73
2962,119,Small,N45,38,13,22
2964,119,Small,N45,43,11,32
2965,119,Small,N45,36,11,25
2966,119,Small,N45,48,13,42
2967,119,Small,N45,40,13,31
2969,119,Small,N45,55,11,67
2970,119,Small,N45,47,13,36
2971,119,Small,N45,44,13,57
2973,119,Small,N45,40,11,47
2974,119,Small,N45,38,12,32
2975,119,Small,N45,27,11,16
2977,120,Small,N45,41,11,31
2978,120,Small,N45,48,12,48
2979,120,Small,N45,56,11,70
2980,120,Small,N45,16,12,6
2981,120,Small,N45,48,13,53
2982,120,Small,N45,32,13,45
2983,120,Small,N45,41,13,45
2984,120,Small,N45,25,13,16
2985,120,Small,N45,44,13,56
2986,120,Small,N45,33,12,25
2988,120,Small,N45,56,12,64
2989,120,Small,N45,55,13,95
2990,120,Small,N45,44,11,46
2991,120,Small,N45,56,13,64
2992,120,Small,N45,45,11,59
2994,120,Small,N45,62,13,69
2995,120,Small,N45,53,11,51
2997,120,Small,N45,54,11,68
2998,120,Small,N45,41,12,36
2999,120,Small,N45,39,12,58
3002,121,Small,SKO,39,15,59
3003,121,Small,SKO,40,14,48
3004,121,Small,SKO,27,14,22
3005,121,Small,SKO,45,12,50
3006,121,Small,SKO,60,12,80
3007,121,Small,SKO,57,14,59
3008,121,Small,SKO,22,13,12
3010,121,Small,SKO,59,13,82
3011,121,Small,SKO,57,14,71
3013,121,Small,SKO,60,14,69
3014,121,Small,SKO,52,12,56
3015,121,Small,SKO,66,15,93
3016,121,Small,SKO,54,15,63
3017,121,Small,SKO,45,15,51
3018,121,Small,SKO,34,15,54
3020,121,Small,SKO,40,15,54
3022,121,Small,SKO,52,13,50
3023,121,Small,SKO,34,15,59
3024,121,Small,SKO,30,14,38
3026,122,Small,SKO,34,15,38
3027,122,Small,SKO,39,15,55
3028,122,Small,SKO,18,14,10
3029,122,Small,SKO,28,13,45
3031,122,Small,SKO,35,15,18
3033,122,Small,SKO,40,13,42
3034,122,Small,SKO,37,12,55
3035,122,Small,SKO,45,14,40
3036,122,Small,SKO,28,13,37
3037,122,Small,SKO,54,13,63
3038,122,Small,SKO,40,15,61
3039,122,Small,SKO,39,15,33
3041,122,Small,SKO,57,15,78
3042,122,Small,SKO,46,15,60
3045,122,Small,SKO,33,15,48
3046,122,Small,SKO,25,13,19
3047,122,Small,SKO,52,14,67
3048,122,Small,SKO,57,13,96
3049,122,Small,SKO,34,14,34
3051,123,Small,SKO,36,15,30
3052,123,Small,SKO,40,15,45
3053,123,Small,SKO,28,15,33
3055,123,Small,SKO,27,14,21
3056,123,Small,SKO,50,12,48
3058,123,Small,SKO,47,12,47
3059,123,Small,SKO,22,14,21
3061,123,Small,SKO,41,14,48
3062,123,Small,SKO,37,14,52
3063,123,Small,SKO,19,12,13
3064,123,Small,SKO,44,14,56
3065,123,Small,SKO,40,12,63
3066,123,Small,SKO,35,12,45
3068,123,Small,SKO,57,13,84
3069,123,Small,SKO,22,12,19
3070,123,Small,SKO,48,14,77
3071,123,Small,SKO,18,14,12
3072,123,Small,SKO,37,14,51
3073,123,Small,SKO,32,15,48
3075,123,Small,SKO,26,15,22
3076,124,Small,SKO,28,13,47
3077,124,Small,SKO,42,15,40
3079,124,Small,SKO,51,15,71
3080,124,Small,SKO,43,12,43
3081,124,Small,SKO,28,13,50
3082,124,Small,SKO,45,15,60
3084,124,Small,SKO,47,14,62
3085,124,Small,SKO,42,12,69
3086,124,Small,SKO,45,12,73
3087,124,Small,SKO,50,15,82
3088,124,Small,SKO,53,14,68
3092,124,Small,SKO,29,15,30
3094,124,Small,SKO,60,15,88
3095,124,Small,SKO,48,12,65
3096,124,Small,SKO,29,12,39
3097,124,Small,SKO,16,12,5
3098,124,Small,SKO,41,13,56
3099,124,Small,SKO,46,12,69
3100,124,Small,SKO,29,12,37
3101,125,Small,K10,39,12,43
3102,125,Small,K10,35,12,35
3104,125,Small,K10,31,13,21
3105,125,Small,K10,26,11,12
3106,125,Small,K10,48,14,57
3107,125,Small,K10,44,11,40
3109,125,Small,K10,37,14,34
3110,125,Small,K10,33,14,26
3111,125,Small,K10,41,13,41
3112,125,Small,K10,44,12,37
3113,125,Small,K10,36,13,39
3116,125,Small,K10,45,13,52
3117,125,Small,K10,48,13,50
3118,125,Small,K10,40,12,31
3119,125,Small,K10,31,12,29
3120,125,Small,K10,31,14,27
3121,125,Small,K10,39,12,39
3123,125,Small,K10,35,12,23
3124,125,Small,K10,25,12,19
3126,126,Small,K10,34,11,19
3127,126,Small,K10,27,13,24
3128,126,Small,K10,20,13,11
3131,126,Small,K10,18,14,14
3132,126,Small,K10,27,12,14
3135,126,Small,K10,34,11,34
3136,126,Small,K10,41,13,33
3137,126,Small,K10,22,11,6
3138,126,Small,K10,17,13,4
3140,126,Small,K10,33,13,26
3141,126,Small,K10,21,12,21
3143,126,Small,K10,44,11,57
3144,126,Small,K10,46,11,66
3146,126,Small,K10,21,14,17
3147,126,Small,K10,30,11,29
3149,126,Small,K10,46,14,63
3151,127,Small,K10,24,13,14
3152,127,Small,K10,29,11,20
3153,127,Small,K10,39,11,44
3154,127,Small,K10,17,11,5
3156,127,Small,K10,37,13,32
3157,127,Small,K10,29,12,33
3159,127,Small,K10,24,14,7
3161,127,Small,K10,38,13,28
3162,127,Small,K10,21,11,9
3163,127,Small,K10,38,12,26
3166,127,Small,K10,26,11,13
3167,127,Small,K10,42,14,58
3168,127,Small,K10,23,12,7
3171,127,Small,K10,27,11,19
3172,127,Small,K10,21,11,11
3173,127,Small,K10,45,14,37
3174,127,Small,K10,44,11,51
3176,128,Small,K10,31,11,24
3177,128,Small,K10,33,13,23
3178,128,Small,K10,21,13,15
3180,128,Small,K10,45,11,47
3181,128,Small,K10,26,13,22
3182,128,Small,K10,35,13,31
3184,128,Small,K10,30,12,16
3187,128,Small,K10,38,13,30
3188,128,Small,K10,20,14,8
3189,128,Small,K10,47,11,51
3190,128,Small,K10,25,14,16
3193,128,Small,K10,45,12,41
3194,128,Small,K10,45,11,67
3195,128,Small,K10,37,14,51
3196,128,Small,K10,33,13,24
3197,128,Small,K10,20,12,4
3198,128,Small,K10,26,12,22
3199,128,Small,K10,32,12,26
